____________________________________________

Start of CachyOS bug report log file. Please send this report,
along with a description of your bug, to CachyOS.

Date: Thứ năm, 09 Tháng 7 năm 2026 09:11:59 +07
uname: Linux <hostname-redacted> 7.1.3-1-cachyos #1 SMP PREEMPT_DYNAMIC Mon, 06 Jul 2026 19:44:10 +0000 x86_64 GNU/Linux
cmdline: quiet nowatchdog splash rw rootflags=subvol=/@ root=UUID=8270346c-1d05-4eb6-9373-76497b9eff6b initrd=\initramfs-linux-cachyos.img

____________________________________________
Getting Hardware Information

System:
  Kernel: 7.1.3-1-cachyos arch: x86_64 bits: 64 compiler: clang v: 22.1.6
    clocksource: hpet avail: acpi_pm parameters: quiet nowatchdog splash rw
    rootflags=subvol=/@ root=UUID=8270346c-1d05-4eb6-9373-76497b9eff6b
    initrd=\initramfs-linux-cachyos.img
  Desktop: KDE Plasma v: 6.7.2 tk: Qt v: N/A wm: kwin_wayland dm: N/A
    Distro: CachyOS base: Arch Linux
Machine:
  Type: Desktop System: ASUS product: N/A v: N/A serial: N/A
  Mobo: ASUSTeK model: PRIME B450M-A II v: Rev X.0x serial: <filter>
    part-nu: SKU uuid: 1a0acb1d-683c-8c20-ba66-f02f74d3c829 Firmware: UEFI
    vendor: American Megatrends v: 2409 date: 12/02/2020
CPU:
  Info: model: AMD Ryzen 5 3400G with Radeon Vega Graphics socket: AM4
    bits: 64 type: MT MCP arch: Zen/Zen+ note: check gen: 1 level: v3
    note: check built: 2019 process: GF 12nm family: 0x17 (23)
    model-id: 0x18 (24) stepping: 1 microcode: 0x8108109
  Topology: cpus: 1x dies: 1 clusters: 1 cores: 4 threads: 8 tpc: 2
    smt: enabled cache: L1: 384 KiB desc: d-4x32 KiB; i-4x64 KiB L2: 2 MiB
    desc: 4x512 KiB L3: 4 MiB desc: 1x4 MiB
  Speed (MHz): avg: 3700 min/max: 1400/4200 boost: disabled
    base/boost: 3700/4200 scaling: driver: acpi-cpufreq governor: performance
    volts: 1.5 V ext-clock: 100 MHz cores: 1: 3700 2: 3700 3: 3700 4: 3700
    5: 3700 6: 3700 7: 3700 8: 3700 bogomips: 59092
  Flags-basic: avx avx2 ht lm nx pae sse sse2 sse3 sse4_1 sse4_2 sse4a
    ssse3 svm
  Vulnerabilities:
  Type: gather_data_sampling status: Not affected
  Type: ghostwrite status: Not affected
  Type: indirect_target_selection status: Not affected
  Type: itlb_multihit status: Not affected
  Type: l1tf status: Not affected
  Type: mds status: Not affected
  Type: meltdown status: Not affected
  Type: mmio_stale_data status: Not affected
  Type: old_microcode status: Not affected
  Type: reg_file_data_sampling status: Not affected
  Type: retbleed mitigation: untrained return thunk; SMT vulnerable
  Type: spec_rstack_overflow mitigation: Safe RET
  Type: spec_store_bypass mitigation: Speculative Store Bypass disabled via
    prctl
  Type: spectre_v1 mitigation: usercopy/swapgs barriers and __user pointer
    sanitization
  Type: spectre_v2 mitigation: Retpolines; IBPB: conditional; STIBP:
    disabled; RSB filling; PBRSB-eIBRS: Not affected; BHI: Not affected
  Type: srbds status: Not affected
  Type: tsa status: Not affected
  Type: tsx_async_abort status: Not affected
  Type: vmscape mitigation: IBPB before exit to userspace
Graphics:
  Device-1: Advanced Micro Devices [AMD/ATI] Picasso/Raven 2 [Radeon Vega
    Series / Radeon Mobile Series] vendor: ASUSTeK driver: amdgpu v: kernel
    arch: GCN-5 code: Vega process: GF 14nm built: 2017-20 pcie: gen: 3
    speed: 8 GT/s lanes: 16 ports: active: DP-1,HDMI-A-1 empty: DVI-D-1
    bus-ID: 09:00.0 chip-ID: 1002:15d8 class-ID: 0300 temp: 45.0 C
  Device-2: Logitech Webcam C270 driver: snd-usb-audio,uvcvideo type: USB
    rev: 2.0 speed: 480 Mb/s lanes: 1 mode: 2.0 bus-ID: 3-2:2 chip-ID: 046d:0825
    class-ID: 0102 serial: <filter>
  Display: unspecified server: X.Org v: 24.1.12 with: Xwayland v: 24.1.12
    compositor: kwin_wayland driver: gpu: amdgpu display-ID: :0 screens: 1
  Screen-1: 0 s-res: 3840x1080 s-dpi: 96 s-size: 1016x285mm (40.00x11.22")
    s-diag: 1055mm (41.54")
  Monitor-1: DP-1 pos: primary,left model: Dell P2419H serial: <filter>
    built: 2021 res: mode: 1920x1080 hz: 60 scale: 100% (1) dpi: 93 gamma: 1.2
    size: 527x296mm (20.75x11.65") diag: 604mm (23.8") ratio: 16:9 modes:
    max: 1920x1080 min: 720x400
  Monitor-2: HDMI-A-1 pos: right model: Dell P2425H serial: <filter>
    built: 2024 res: mode: 1920x1080 hz: 100 scale: 100% (1) dpi: 93 gamma: 1.2
    size: 527x296mm (20.75x11.65") diag: 604mm (23.8") ratio: 16:9 modes:
    max: 1920x1080 min: 720x400
  API: EGL v: 1.5 hw: drv: amd radeonsi platforms: device: 0 drv: radeonsi
    device: 1 drv: swrast gbm: drv: radeonsi surfaceless: drv: radeonsi x11:
    drv: radeonsi inactive: wayland
  API: OpenGL v: 4.6 vendor: amd mesa v: 26.1.4-arch3.1 glx-v: 1.4
    direct-render: yes renderer: AMD Radeon Vega 11 Graphics (radeonsi raven
    ACO DRM 3.64 7.1.3-1-cachyos) device-ID: 1002:15d8 memory: 1.95 GiB
    unified: yes
  API: Vulkan v: 1.4.350 layers: 2 device: 0 type: integrated-gpu name: AMD
    Radeon Vega 11 Graphics (RADV RAVEN) driver: mesa radv v: 26.1.4-arch3.1
    device-ID: 1002:15d8 surfaces: N/A
  Info: Tools: api: clinfo, eglinfo, glxinfo, vulkaninfo
    de: kscreen-console,kscreen-doctor wl: wayland-info
    x11: xdpyinfo, xprop, xrandr
Audio:
  Device-1: Advanced Micro Devices [AMD/ATI] Raven/Raven2/Fenghuang HDMI/DP
    Audio vendor: ASUSTeK PRIME B450M-A driver: snd_hda_intel v: kernel pcie:
    gen: 3 speed: 8 GT/s lanes: 16 bus-ID: 09:00.1 chip-ID: 1002:15de
    class-ID: 0403
  Device-2: Advanced Micro Devices [AMD] Ryzen HD Audio vendor: ASUSTeK
    driver: snd_hda_intel v: kernel pcie: gen: 3 speed: 8 GT/s lanes: 16
    bus-ID: 09:00.6 chip-ID: 1022:15e3 class-ID: 0403
  Device-3: Logitech Webcam C270 driver: snd-usb-audio,uvcvideo type: USB
    rev: 2.0 speed: 480 Mb/s lanes: 1 mode: 2.0 bus-ID: 3-2:2 chip-ID: 046d:0825
    class-ID: 0102 serial: <filter>
  API: ALSA v: k7.1.3-1-cachyos status: kernel-api
    tools: alsactl,alsamixer,amixer
  Server-1: sndiod v: N/A status: off tools: aucat,midicat,sndioctl
  Server-2: JACK v: 1.9.22 status: off tools: N/A
  Server-3: PipeWire v: 1.6.7 status: n/a (root, process) with:
    1: pipewire-pulse status: active 2: wireplumber status: active
    3: pipewire-alsa type: plugin tools: pactl,pw-cat,pw-cli,wpctl
Network:
  Device-1: Realtek RTL8111/8168/8211/8411 PCI Express Gigabit Ethernet
    vendor: ASUSTeK RTL8111H driver: r8169 v: kernel pcie: gen: 1
    speed: 2.5 GT/s lanes: 1 port: f000 bus-ID: 07:00.0 chip-ID: 10ec:8168
    class-ID: 0200
  IF: enp7s0 state: up speed: 1000 Mbps duplex: full mac: <filter>
  IF-ID-1: br-4300c3e53cda state: up speed: 10000 Mbps duplex: unknown
    mac: <filter>
  IF-ID-2: docker0 state: down mac: <filter>
  IF-ID-3: veth6b5a926 state: up speed: 10000 Mbps duplex: full
    mac: <filter>
  IF-ID-4: veth9f5f292 state: up speed: 10000 Mbps duplex: full
    mac: <filter>
  Info: services: NetworkManager,systemd-timesyncd
Bluetooth:
  Device-1: SINO WEALTH Newmen Bluetooth Keyboard driver: hid-generic,usbhid
    type: USB rev: 1.1 speed: 12 Mb/s lanes: 1 mode: 1.1 bus-ID: 3-3:3
    chip-ID: 12c9:6004 class-ID: 0300
  Device-2: Cambridge Silicon Radio Bluetooth Dongle (HCI mode)
    driver: btusb v: 0.8 type: USB rev: 2.0 speed: 12 Mb/s lanes: 1 mode: 1.1
    bus-ID: 5-1:3 chip-ID: 0a12:0001 class-ID: e001
  Report: ID: hci0 rfk-id: 2 state: up address: <filter> bt-v: 4.0 lmp-v: 6
    status: discoverable: no pairing: yes class-ID: 7c0104
Drives:
  Local Storage: total: 685.61 GiB used: 24.39 GiB (3.6%)
  ID-1: /dev/nvme0n1 maj-min: 259:0 vendor: Samsung
    model: MZVLB256HAHQ-00000 size: 238.47 GiB block-size: physical: 512 B
    logical: 512 B speed: 31.6 Gb/s lanes: 4 tech: SSD serial: <filter>
    fw-rev: EXD7201Q temp: 41.9 C scheme: GPT
  SMART: yes health: PASSED on: 321d 20h cycles: 3,496
    read-units: 49,602,809 [25.3 TB] written-units: 60,419,650 [30.9 TB]
  ID-2: /dev/sda maj-min: 8:0 vendor: Kingston model: SA400S37480G
    family: Driven SSDs size: 447.13 GiB block-size: physical: 512 B
    logical: 512 B sata: 3.2 speed: 6.0 Gb/s tech: SSD serial: <filter>
    fw-rev: 1103 temp: 32 C scheme: GPT
  SMART: yes state: enabled health: PASSED on: 284d 3h cycles: 3547
    read: 15964 GiB written: 12360 GiB
Partition:
  ID-1: / raw-size: 236.47 GiB size: 236.47 GiB (100.00%)
    used: 24.24 GiB (10.2%) fs: btrfs block-size: 4096 B dev: /dev/nvme0n1p2
    maj-min: 259:2
  ID-2: /boot raw-size: 2 GiB size: 2 GiB (99.80%) used: 159.3 MiB (7.8%)
    fs: vfat block-size: 512 B dev: /dev/nvme0n1p1 maj-min: 259:1
  ID-3: /home raw-size: 236.47 GiB size: 236.47 GiB (100.00%)
    used: 24.24 GiB (10.2%) fs: btrfs block-size: 4096 B dev: /dev/nvme0n1p2
    maj-min: 259:2
  ID-4: /var/log raw-size: 236.47 GiB size: 236.47 GiB (100.00%)
    used: 24.24 GiB (10.2%) fs: btrfs block-size: 4096 B dev: /dev/nvme0n1p2
    maj-min: 259:2
  ID-5: /var/tmp raw-size: 236.47 GiB size: 236.47 GiB (100.00%)
    used: 24.24 GiB (10.2%) fs: btrfs block-size: 4096 B dev: /dev/nvme0n1p2
    maj-min: 259:2
Swap:
  Kernel: swappiness: 150 (default 60) cache-pressure: 50 (default 100)
    zswap: no
  ID-1: swap-1 type: zram size: 13.54 GiB used: 736 KiB (0.0%) priority: 100
    comp: zstd avail: lzo-rle,lzo,lz4,lz4hc,deflate,842 dev: /dev/zram0
Sensors:
  System Temperatures: cpu: 45.6 C mobo: N/A gpu: amdgpu temp: 45.0 C
  Fan Speeds (rpm): N/A
Repos:
  Packages: pm: pacman pkgs: 1292 libs: 342 tools: paru
  Active pacman repo servers in: /etc/pacman.d/cachyos-mirrorlist
    1: https://mirrors.nguyenhoang.cloud/cachyos/repo/$arch/$repo
    2: https://mirror.krfoss.org/cachyos/repo/$arch/$repo
    3: https://cdn77.cachyos.org/repo/$arch/$repo
    4: https://mirror2.keiminem.com/cachyos/repo/$arch/$repo
    5: https://mirror.keiminem.com/cachyos/repo/$arch/$repo
    6: https://mirror.nju.edu.cn/cachyos/repo/$arch/$repo
    7: https://mirror5.krfoss.org/cachyos/repo/$arch/$repo
    8: https://at.cachyos.org/repo/$arch/$repo
    9: https://us.cachyos.org/repo/$arch/$repo
    10: https://ca.mirror.cx/cachyos/repo/$arch/$repo
    11: https://no.mirror.cx/cachyos/repo/$arch/$repo
    12: https://cachyos-mirror.m1k.cloud/repo/$arch/$repo
    13: https://mirror.hb9hil.org/cachyos/repo/$arch/$repo
    14: https://nl.mirror.cx/cachyos/repo/$arch/$repo
    15: https://mirror.jura12.ru/repo/$arch/$repo
    16: https://wan.metrosg.ru/cachyos/repo/$arch/$repo
    17: https://mirror.hjk.gg/cachyos/repo/$arch/$repo
    18: https://us-mnz.soulharsh007.dev/cachyos/repo/$arch/$repo
    19: https://mirror.cachy-arch.ru/cachyos/repo/$arch/$repo
    20: https://cachyos.doridian.net/repo/$arch/$repo
    21: https://mirrors.lansing2600.org/cachyos/repo/$arch/$repo
    22: https://archlinux.gay/cachy/repo/$arch/$repo
    23: https://cdn.lansing2600.org/cachyos/repo/$arch/$repo
    24: https://cachyos.next-works.it/repo/$arch/$repo
    25: https://mirror.lesviallon.fr/cachy/repo/$arch/$repo
  Active pacman repo servers in: /etc/pacman.d/cachyos-v3-mirrorlist
    1: https://mirrors.nguyenhoang.cloud/cachyos/repo/$arch_v3/$repo
    2: https://mirror.krfoss.org/cachyos/repo/$arch_v3/$repo
    3: https://cdn77.cachyos.org/repo/$arch_v3/$repo
    4: https://mirror2.keiminem.com/cachyos/repo/$arch_v3/$repo
    5: https://mirror.keiminem.com/cachyos/repo/$arch_v3/$repo
    6: https://mirror.nju.edu.cn/cachyos/repo/$arch_v3/$repo
    7: https://mirror5.krfoss.org/cachyos/repo/$arch_v3/$repo
    8: https://at.cachyos.org/repo/$arch_v3/$repo
    9: https://us.cachyos.org/repo/$arch_v3/$repo
    10: https://ca.mirror.cx/cachyos/repo/$arch_v3/$repo
    11: https://no.mirror.cx/cachyos/repo/$arch_v3/$repo
    12: https://cachyos-mirror.m1k.cloud/repo/$arch_v3/$repo
    13: https://mirror.hb9hil.org/cachyos/repo/$arch_v3/$repo
    14: https://nl.mirror.cx/cachyos/repo/$arch_v3/$repo
    15: https://mirror.jura12.ru/repo/$arch_v3/$repo
    16: https://wan.metrosg.ru/cachyos/repo/$arch_v3/$repo
    17: https://mirror.hjk.gg/cachyos/repo/$arch_v3/$repo
    18: https://us-mnz.soulharsh007.dev/cachyos/repo/$arch_v3/$repo
    19: https://mirror.cachy-arch.ru/cachyos/repo/$arch_v3/$repo
    20: https://cachyos.doridian.net/repo/$arch_v3/$repo
    21: https://mirrors.lansing2600.org/cachyos/repo/$arch_v3/$repo
    22: https://archlinux.gay/cachy/repo/$arch_v3/$repo
    23: https://cdn.lansing2600.org/cachyos/repo/$arch_v3/$repo
    24: https://cachyos.next-works.it/repo/$arch_v3/$repo
    25: https://mirror.lesviallon.fr/cachy/repo/$arch_v3/$repo
  Active pacman repo servers in: /etc/pacman.d/mirrorlist
    1: https://archlinux.cachyos.org/repo/$repo/os/$arch
    2: https://mirrors.nguyenhoang.cloud/archlinux/$repo/os/$arch
    3: https://fastly.mirror.pkgbuild.com/$repo/os/$arch
    4: https://arch-mirror.wtako.net/$repo/os/$arch
    5: https://mirror.osbeck.com/archlinux/$repo/os/$arch
    6: https://mirror2.keiminem.com/archlinux/$repo/os/$arch
    7: https://mirror.keiminem.com/archlinux/$repo/os/$arch
    8: https://geo.mirror.pkgbuild.com/$repo/os/$arch
    9: https://mirrors.huongnguyen.dev/arch/$repo/os/$arch
    10: https://mirrors.jlu.edu.cn/archlinux/$repo/os/$arch
    11: https://singapore.mirror.pkgbuild.com/$repo/os/$arch
    12: https://mirror.archlinux.si/$repo/os/$arch
    13: https://uk.arch.niranjan.co/$repo/os/$arch
    14: https://mirrors.cat.net/archlinux/$repo/os/$arch
    15: https://al.arch.niranjan.co/$repo/os/$arch
    16: https://mirror.hostiko.network/archlinux/$repo/os/$arch
    17: https://no.mirror.cx/archlinux/$repo/os/$arch
    18: https://ftp.ek-cer.hu/pub/mirrors/ftp.archlinux.org/$repo/os/$arch
    19: https://hu.mirror.frigyes.dev/archlinux/$repo/os/$arch
    20: https://mirror.lu.stratonexus.net/archlinux/$repo/os/$arch
    21: https://ams.nl.mirrors.bjg.at/arch/$repo/os/$arch
    22: https://arch.yhtez.xyz/$repo/os/$arch
    23: https://mirrors.xtom.ee/archlinux/$repo/os/$arch
    24: https://mirror.neuf.no/archlinux/$repo/os/$arch
    25: https://fi.arch.niranjan.co/$repo/os/$arch
    26: https://theswissbay.ch/archlinux/$repo/os/$arch
    27: https://ro.arch.niranjan.co/$repo/os/$arch
    28: https://us.arch.niranjan.co/$repo/os/$arch
    29: https://mirror.maeen.sa/arch-mirror/$repo/os/$arch
    30: https://sg.arch.niranjan.co/$repo/os/$arch
    31: https://arch.midov.pl/arch/$repo/os/$arch
    32: https://mirrors.uni-plovdiv.net/archlinux/$repo/os/$arch
    33: https://mirror.tux.si/arch/$repo/os/$arch
    34: https://at.arch.niranjan.co/$repo/os/$arch
    35: https://mirror.1ago.be/archlinux/$repo/os/$arch
    36: https://frankfurt.mirror.pkgbuild.com/$repo/os/$arch
    37: https://mirrors.aliyun.com/archlinux/$repo/os/$arch
    38: https://mirror.sinirlan.net/archlinux/$repo/os/$arch
    39: https://mirror.group.one/archlinux/$repo/os/$arch
    40: https://archlinux.koyanet.lv/archlinux/$repo/os/$arch
    41: https://ftp.energotel.sk/pub/linux/arch/$repo/os/$arch
    42: https://mirrors.pidginhost.com/arch/$repo/os/$arch
    43: https://repository.su/archlinux/$repo/os/$arch
    44: https://in.arch.niranjan.co/$repo/os/$arch
    45: https://umea.mirror.pkgbuild.com/$repo/os/$arch
    46: https://ftp.linux.edu.lv/archlinux/$repo/os/$arch
    47: https://ftpmirror.infania.net/mirror/archlinux/$repo/os/$arch
    48: https://repo.br.ee/arch/$repo/os/$arch
    49: https://mirror.dkm.cz/archlinux/$repo/os/$arch
    50: https://archlinux.mirror-services.net/archlinux/$repo/os/$arch
    51: https://at.arch.mirror.kescher.at/$repo/os/$arch
    52: https://mirror.iusearchbtw.nl/$repo/os/$arch
    53: https://mirror.trapmaid.org/archlinux/$repo/os/$arch
    54: https://ftp.sh.cvut.cz/arch/$repo/os/$arch
    55: https://mirror.raiolanetworks.com/archlinux/$repo/os/$arch
    56: https://mirror.trap.moe/archlinux/$repo/os/$arch
Info:
  Memory: total: 16 GiB note: est. available: 13.55 GiB used: 4.9 GiB (36.2%)
  Processes: 338 Power: uptime: 1h 1m states: freeze,mem,disk suspend: deep
    avail: s2idle wakeups: 0 hibernate: platform avail: shutdown, reboot,
    suspend, test_resume image: 5.37 GiB services: org_kde_powerdevil,
    power-profiles-daemon, upowerd Init: systemd v: 261 default: graphical
    tool: systemctl
  Compilers: clang: 22.1.6 gcc: 16.1.1 Shell: Bash (sudo) v: 5.3.15
    running-in: konsole inxi: 3.3.40
____________________________________________
Getting Scheduler information

sched-ext:
/sys/kernel/sched_ext/nr_rejected:0
/sys/kernel/sched_ext/hotplug_seq:7
/sys/kernel/sched_ext/switch_all:0
/sys/kernel/sched_ext/state:disabled
/sys/kernel/sched_ext/enable_seq:0

rcu: RCU calculated value of scheduler-enlistment delay is 100 jiffies.
io scheduler mq-deadline registered
io scheduler kyber registered
Adaptive Deadline I/O Scheduler 3.2.0 by Masahito Suzuki
io scheduler adios registered
io scheduler bfq registered

____________________________________________

dmesg

[    0.000000] Linux version 7.1.3-1-cachyos (linux-cachyos@cachyos) (clang version 22.1.6, LLD 22.1.6) #1 SMP PREEMPT_DYNAMIC Mon, 06 Jul 2026 19:44:10 +0000
[    0.000000] Command line: quiet nowatchdog splash rw rootflags=subvol=/@ root=UUID=8270346c-1d05-4eb6-9373-76497b9eff6b initrd=\initramfs-linux-cachyos.img
[    0.000000] BIOS-provided physical RAM map:
[    0.000000] BIOS-e820: [mem 0x0000000000000000-0x000000000009ffff]  System RAM
[    0.000000] BIOS-e820: [mem 0x00000000000a0000-0x00000000000fffff]  device reserved
[    0.000000] BIOS-e820: [mem 0x0000000000100000-0x0000000009bfefff]  System RAM
[    0.000000] BIOS-e820: [mem 0x0000000009bff000-0x0000000009ffffff]  device reserved
[    0.000000] BIOS-e820: [mem 0x000000000a000000-0x000000000a1fffff]  System RAM
[    0.000000] BIOS-e820: [mem 0x000000000a200000-0x000000000a20afff]  ACPI NVS
[    0.000000] BIOS-e820: [mem 0x000000000a20b000-0x000000000affffff]  System RAM
[    0.000000] BIOS-e820: [mem 0x000000000b000000-0x000000000b01ffff]  device reserved
[    0.000000] BIOS-e820: [mem 0x000000000b020000-0x0000000049c48fff]  System RAM
[    0.000000] BIOS-e820: [mem 0x0000000049c49000-0x0000000049f72fff]  device reserved
[    0.000000] BIOS-e820: [mem 0x0000000049f73000-0x000000004a0befff]  ACPI data
[    0.000000] BIOS-e820: [mem 0x000000004a0bf000-0x000000004a7b0fff]  ACPI NVS
[    0.000000] BIOS-e820: [mem 0x000000004a7b1000-0x000000004bbfefff]  device reserved
[    0.000000] BIOS-e820: [mem 0x000000004bbff000-0x000000004cffffff]  System RAM
[    0.000000] BIOS-e820: [mem 0x000000004d000000-0x00000000cfffffff]  device reserved
[    0.000000] BIOS-e820: [gap 0x00000000d0000000-0x00000000f7ffffff]
[    0.000000] BIOS-e820: [mem 0x00000000f8000000-0x00000000fbffffff]  device reserved
[    0.000000] BIOS-e820: [gap 0x00000000fc000000-0x00000000fd0fffff]
[    0.000000] BIOS-e820: [mem 0x00000000fd100000-0x00000000fd1fffff]  device reserved
[    0.000000] BIOS-e820: [gap 0x00000000fd200000-0x00000000fe9fffff]
[    0.000000] BIOS-e820: [mem 0x00000000fea00000-0x00000000fea0ffff]  device reserved
[    0.000000] BIOS-e820: [gap 0x00000000fea10000-0x00000000feb7ffff]
[    0.000000] BIOS-e820: [mem 0x00000000feb80000-0x00000000fec01fff]  device reserved
[    0.000000] BIOS-e820: [gap 0x00000000fec02000-0x00000000fec0ffff]
[    0.000000] BIOS-e820: [mem 0x00000000fec10000-0x00000000fec10fff]  device reserved
[    0.000000] BIOS-e820: [gap 0x00000000fec11000-0x00000000fec2ffff]
[    0.000000] BIOS-e820: [mem 0x00000000fec30000-0x00000000fec30fff]  device reserved
[    0.000000] BIOS-e820: [gap 0x00000000fec31000-0x00000000fecfffff]
[    0.000000] BIOS-e820: [mem 0x00000000fed00000-0x00000000fed00fff]  device reserved
[    0.000000] BIOS-e820: [gap 0x00000000fed01000-0x00000000fed3ffff]
[    0.000000] BIOS-e820: [mem 0x00000000fed40000-0x00000000fed44fff]  device reserved
[    0.000000] BIOS-e820: [gap 0x00000000fed45000-0x00000000fed7ffff]
[    0.000000] BIOS-e820: [mem 0x00000000fed80000-0x00000000fed8ffff]  device reserved
[    0.000000] BIOS-e820: [gap 0x00000000fed90000-0x00000000fedc1fff]
[    0.000000] BIOS-e820: [mem 0x00000000fedc2000-0x00000000fedcffff]  device reserved
[    0.000000] BIOS-e820: [gap 0x00000000fedd0000-0x00000000fedd3fff]
[    0.000000] BIOS-e820: [mem 0x00000000fedd4000-0x00000000fedd5fff]  device reserved
[    0.000000] BIOS-e820: [gap 0x00000000fedd6000-0x00000000feffffff]
[    0.000000] BIOS-e820: [mem 0x00000000ff000000-0x00000000ffffffff]  device reserved
[    0.000000] BIOS-e820: [mem 0x0000000100000000-0x000000042f33ffff]  System RAM
[    0.000000] BIOS-e820: [mem 0x000000042f340000-0x000000042fffffff]  device reserved
[    0.000000] NX (Execute Disable) protection: active
[    0.000000] APIC: Static calls initialized
[    0.000000] efi: EFI v2.7 by American Megatrends
[    0.000000] efi: ACPI=0x4a0be000 ACPI 2.0=0x4a0be014 TPMFinalLog=0x4a766000 SMBIOS=0x4ba17000 SMBIOS 3.0=0x4ba16000 MEMATTR=0x465da018 ESRT=0x482f8918 INITRD=0x3feacb98 RNG=0x4a0a0c18 TPMEventLog=0x49fad018 
[    0.000000] random: crng init done
[    0.000000] efi: Remove mem64: MMIO range=[0xf8000000-0xfbffffff] (64MB) from e820 map
[    0.000000] e820: remove [mem 0xf8000000-0xfbffffff] device reserved
[    0.000000] efi: Remove mem65: MMIO range=[0xfd100000-0xfd1fffff] (1MB) from e820 map
[    0.000000] e820: remove [mem 0xfd100000-0xfd1fffff] device reserved
[    0.000000] efi: Not removing mem66: MMIO range=[0xfea00000-0xfea0ffff] (64KB) from e820 map
[    0.000000] efi: Remove mem67: MMIO range=[0xfeb80000-0xfec01fff] (0MB) from e820 map
[    0.000000] e820: remove [mem 0xfeb80000-0xfec01fff] device reserved
[    0.000000] efi: Not removing mem68: MMIO range=[0xfec10000-0xfec10fff] (4KB) from e820 map
[    0.000000] efi: Not removing mem69: MMIO range=[0xfec30000-0xfec30fff] (4KB) from e820 map
[    0.000000] efi: Not removing mem70: MMIO range=[0xfed00000-0xfed00fff] (4KB) from e820 map
[    0.000000] efi: Not removing mem71: MMIO range=[0xfed40000-0xfed44fff] (20KB) from e820 map
[    0.000000] efi: Not removing mem72: MMIO range=[0xfed80000-0xfed8ffff] (64KB) from e820 map
[    0.000000] efi: Not removing mem73: MMIO range=[0xfedc2000-0xfedcffff] (56KB) from e820 map
[    0.000000] efi: Not removing mem74: MMIO range=[0xfedd4000-0xfedd5fff] (8KB) from e820 map
[    0.000000] efi: Remove mem75: MMIO range=[0xff000000-0xffffffff] (16MB) from e820 map
[    0.000000] e820: remove [mem 0xff000000-0xffffffff] device reserved
[    0.000000] DMI: SMBIOS 3.3.0 present.
[    0.000000] DMI: ASUS System Product Name/PRIME B450M-A II, BIOS 2409 12/02/2020
[    0.000000] DMI: Memory slots populated: 2/4
[    0.000000] tsc: Fast TSC calibration using PIT
[    0.000000] tsc: Detected 3693.266 MHz processor
[    0.000319] e820: update [mem 0x00000000-0x00000fff] System RAM ==> device reserved
[    0.000320] e820: remove [mem 0x000a0000-0x000fffff] System RAM
[    0.000328] last_pfn = 0x42f340 max_arch_pfn = 0x400000000
[    0.000334] MTRR map: 5 entries (3 fixed + 2 variable; max 20), built from 9 variable MTRRs
[    0.000336] x86/PAT: Configuration [0-7]: WB  WC  UC- UC  WB  WP  UC- WT  
[    0.000527] e820: update [mem 0xd0000000-0xffffffff] System RAM ==> device reserved
[    0.000534] last_pfn = 0x4d000 max_arch_pfn = 0x400000000
[    0.003844] esrt: Reserving ESRT space from 0x00000000482f8918 to 0x00000000482f8950.
[    0.003849] e820: update [mem 0x482f8000-0x482f8fff] System RAM ==> device reserved
[    0.003863] Using GB pages for direct mapping
[    0.004263] Secure boot disabled
[    0.004263] RAMDISK: [mem 0x3bbb5000-0x3ed70fff]
[    0.004386] ACPI: Early table checksum verification disabled
[    0.004389] ACPI: RSDP 0x000000004A0BE014 000024 (v02 ALASKA)
[    0.004391] ACPI: XSDT 0x000000004A0BD728 0000C4 (v01 ALASKA A M I    01072009 AMI  01000013)
[    0.004396] ACPI: FACP 0x000000004A0B1000 000114 (v06 ALASKA A M I    01072009 AMI  00010013)
[    0.004399] ACPI: DSDT 0x000000004A0A5000 00B98F (v02 ALASKA A M I    01072009 INTL 20120913)
[    0.004401] ACPI: FACS 0x000000004A796000 000040
[    0.004403] ACPI: SSDT 0x000000004A0B7000 005419 (v02 AMD    MYRTLE   00000002 MSFT 04000000)
[    0.004405] ACPI: SSDT 0x000000004A0B3000 003BD7 (v01 AMD    AMD AOD  00000001 INTL 20120913)
[    0.004407] ACPI: SSDT 0x000000004A0B2000 000094 (v02 ALASKA CPUSSDT  01072009 AMI  01072009)
[    0.004409] ACPI: FIDT 0x000000004A0A4000 00009C (v01 ALASKA A M I    01072009 AMI  00010013)
[    0.004410] ACPI: FPDT 0x0000000049FB6000 000044 (v01 ALASKA A M I    01072009 AMI  01000013)
[    0.004412] ACPI: MCFG 0x000000004A0A2000 00003C (v01 ALASKA A M I    01072009 MSFT 00010013)
[    0.004414] ACPI: HPET 0x000000004A0A1000 000038 (v01 ALASKA A M I    01072009 AMI  00000005)
[    0.004416] ACPI: BGRT 0x000000004A09F000 000038 (v01 ALASKA A M I    01072009 AMI  00010013)
[    0.004418] ACPI: WPBT 0x0000000049FC6000 00003C (v01 ALASKA A M I    00000001 ASUS 00000001)
[    0.004419] ACPI: TPM2 0x0000000049FC5000 00004C (v03 ALASKA A M I    00000001 AMI  00000000)
[    0.004421] ACPI: IVRS 0x0000000049FC4000 0000D0 (v02 AMD    AmdTable 00000001 AMD  00000000)
[    0.004423] ACPI: SSDT 0x0000000049FC2000 00119C (v02 AMD    AmdTable 00000001 AMD  00000001)
[    0.004425] ACPI: CRAT 0x0000000049FC1000 000810 (v01 AMD    AmdTable 00000001 AMD  00000001)
[    0.004426] ACPI: CDIT 0x0000000049FC0000 000029 (v01 AMD    AmdTable 00000001 AMD  00000001)
[    0.004428] ACPI: SSDT 0x0000000049FBF000 000D53 (v01 AMD    MYRTLEG2 00000001 INTL 20120913)
[    0.004430] ACPI: SSDT 0x0000000049FBD000 0010AC (v01 AMD    MYRTLEPX 00000001 INTL 20120913)
[    0.004432] ACPI: SSDT 0x0000000049FB9000 00381A (v01 AMD    MYRTLE   00000001 INTL 20120913)
[    0.004434] ACPI: SSDT 0x0000000049FB8000 0000BF (v01 AMD    AmdTable 00001000 INTL 20120913)
[    0.004435] ACPI: APIC 0x0000000049FB7000 00015E (v03 ALASKA A M I    01072009 AMI  00010013)
[    0.004437] ACPI: Reserving FACP table memory at [mem 0x4a0b1000-0x4a0b1113]
[    0.004438] ACPI: Reserving DSDT table memory at [mem 0x4a0a5000-0x4a0b098e]
[    0.004439] ACPI: Reserving FACS table memory at [mem 0x4a796000-0x4a79603f]
[    0.004439] ACPI: Reserving SSDT table memory at [mem 0x4a0b7000-0x4a0bc418]
[    0.004440] ACPI: Reserving SSDT table memory at [mem 0x4a0b3000-0x4a0b6bd6]
[    0.004441] ACPI: Reserving SSDT table memory at [mem 0x4a0b2000-0x4a0b2093]
[    0.004441] ACPI: Reserving FIDT table memory at [mem 0x4a0a4000-0x4a0a409b]
[    0.004442] ACPI: Reserving FPDT table memory at [mem 0x49fb6000-0x49fb6043]
[    0.004442] ACPI: Reserving MCFG table memory at [mem 0x4a0a2000-0x4a0a203b]
[    0.004443] ACPI: Reserving HPET table memory at [mem 0x4a0a1000-0x4a0a1037]
[    0.004443] ACPI: Reserving BGRT table memory at [mem 0x4a09f000-0x4a09f037]
[    0.004444] ACPI: Reserving WPBT table memory at [mem 0x49fc6000-0x49fc603b]
[    0.004445] ACPI: Reserving TPM2 table memory at [mem 0x49fc5000-0x49fc504b]
[    0.004445] ACPI: Reserving IVRS table memory at [mem 0x49fc4000-0x49fc40cf]
[    0.004446] ACPI: Reserving SSDT table memory at [mem 0x49fc2000-0x49fc319b]
[    0.004446] ACPI: Reserving CRAT table memory at [mem 0x49fc1000-0x49fc180f]
[    0.004447] ACPI: Reserving CDIT table memory at [mem 0x49fc0000-0x49fc0028]
[    0.004447] ACPI: Reserving SSDT table memory at [mem 0x49fbf000-0x49fbfd52]
[    0.004448] ACPI: Reserving SSDT table memory at [mem 0x49fbd000-0x49fbe0ab]
[    0.004448] ACPI: Reserving SSDT table memory at [mem 0x49fb9000-0x49fbc819]
[    0.004449] ACPI: Reserving SSDT table memory at [mem 0x49fb8000-0x49fb80be]
[    0.004450] ACPI: Reserving APIC table memory at [mem 0x49fb7000-0x49fb715d]
[    0.004518] No NUMA configuration found
[    0.004519] Faking a node at [mem 0x0000000000000000-0x000000042f33ffff]
[    0.004525] NODE_DATA(0) allocated [mem 0x42f314f80-0x42f33ffff]
[    0.004796] ACPI: PM-Timer IO Port: 0x808
[    0.004802] ACPI: LAPIC_NMI (acpi_id[0xff] high edge lint[0x1])
[    0.004815] IOAPIC[0]: apic_id 9, version 33, address 0xfec00000, GSI 0-23
[    0.004821] IOAPIC[1]: apic_id 10, version 33, address 0xfec01000, GSI 24-55
[    0.004823] ACPI: INT_SRC_OVR (bus 0 bus_irq 0 global_irq 2 dfl dfl)
[    0.004824] ACPI: INT_SRC_OVR (bus 0 bus_irq 9 global_irq 9 low level)
[    0.004827] ACPI: Using ACPI (MADT) for SMP configuration information
[    0.004828] ACPI: HPET id: 0x10228201 base: 0xfed00000
[    0.004833] e820: update [mem 0x45719000-0x4580cfff] System RAM ==> device reserved
[    0.004844] CPU topo: Max. logical packages:   1
[    0.004845] CPU topo: Max. logical nodes:      1
[    0.004845] CPU topo: Num. nodes per package:  1
[    0.004848] CPU topo: Max. logical dies:       1
[    0.004848] CPU topo: Max. dies per package:   1
[    0.004852] CPU topo: Max. threads per core:   2
[    0.004853] CPU topo: Num. cores per package:     4
[    0.004853] CPU topo: Num. threads per package:   8
[    0.004853] CPU topo: Allowing 8 present CPUs plus 0 hotplug CPUs
[    0.004870] PM: hibernation: Registered nosave memory: [mem 0x00000000-0x00000fff]
[    0.004872] PM: hibernation: Registered nosave memory: [mem 0x000a0000-0x000fffff]
[    0.004873] PM: hibernation: Registered nosave memory: [mem 0x09bff000-0x09ffffff]
[    0.004874] PM: hibernation: Registered nosave memory: [mem 0x0a200000-0x0a20afff]
[    0.004875] PM: hibernation: Registered nosave memory: [mem 0x0b000000-0x0b01ffff]
[    0.004877] PM: hibernation: Registered nosave memory: [mem 0x45719000-0x4580cfff]
[    0.004878] PM: hibernation: Registered nosave memory: [mem 0x482f8000-0x482f8fff]
[    0.004879] PM: hibernation: Registered nosave memory: [mem 0x49c49000-0x4bbfefff]
[    0.004880] PM: hibernation: Registered nosave memory: [mem 0x4d000000-0xffffffff]
[    0.004881] [gap 0xd0000000-0xfe9fffff] available for PCI devices
[    0.004882] Booting paravirtualized kernel on bare hardware
[    0.004884] clocksource: refined-jiffies: mask: 0xffffffff max_cycles: 0xffffffff, max_idle_ns: 1910969940391419 ns
[    0.010865] Zone ranges:
[    0.010865]   DMA      [mem 0x0000000000001000-0x0000000000ffffff]
[    0.010867]   DMA32    [mem 0x0000000001000000-0x00000000ffffffff]
[    0.010868]   Normal   [mem 0x0000000100000000-0x000000042f33ffff]
[    0.010869]   Device   empty
[    0.010869] Movable zone start for each node
[    0.010870] Early memory node ranges
[    0.010871]   node   0: [mem 0x0000000000001000-0x000000000009ffff]
[    0.010872]   node   0: [mem 0x0000000000100000-0x0000000009bfefff]
[    0.010872]   node   0: [mem 0x000000000a000000-0x000000000a1fffff]
[    0.010873]   node   0: [mem 0x000000000a20b000-0x000000000affffff]
[    0.010874]   node   0: [mem 0x000000000b020000-0x0000000049c48fff]
[    0.010874]   node   0: [mem 0x000000004bbff000-0x000000004cffffff]
[    0.010875]   node   0: [mem 0x0000000100000000-0x000000042f33ffff]
[    0.010876] Initmem setup node 0 [mem 0x0000000000001000-0x000000042f33ffff]
[    0.010881] On node 0, zone DMA: 1 pages in unavailable ranges
[    0.010899] On node 0, zone DMA: 96 pages in unavailable ranges
[    0.011079] On node 0, zone DMA32: 1025 pages in unavailable ranges
[    0.011095] On node 0, zone DMA32: 11 pages in unavailable ranges
[    0.013111] On node 0, zone DMA32: 32 pages in unavailable ranges
[    0.013223] On node 0, zone DMA32: 8118 pages in unavailable ranges
[    0.038992] On node 0, zone Normal: 12288 pages in unavailable ranges
[    0.039022] On node 0, zone Normal: 3264 pages in unavailable ranges
[    0.039037] setup_percpu: NR_CPUS:8192 nr_cpumask_bits:8 nr_cpu_ids:8 nr_node_ids:1
[    0.039380] percpu: Embedded 63 pages/cpu s221184 r8192 d28672 u262144
[    0.039385] pcpu-alloc: s221184 r8192 d28672 u262144 alloc=1*2097152
[    0.039387] pcpu-alloc: [0] 0 1 2 3 4 5 6 7 
[    0.039402] Kernel command line: quiet nowatchdog splash rw rootflags=subvol=/@ root=UUID=8270346c-1d05-4eb6-9373-76497b9eff6b initrd=\initramfs-linux-cachyos.img
[    0.039447] Unknown kernel command line parameters "splash", will be passed to user space.
[    0.039469] printk: log buffer data + meta data: 131072 + 557056 = 688128 bytes
[    0.041467] Dentry cache hash table entries: 2097152 (order: 12, 16777216 bytes, linear)
[    0.042463] Inode-cache hash table entries: 1048576 (order: 11, 8388608 bytes, linear)
[    0.042567] software IO TLB: area num 8.
[    0.058554] Fallback order for Node 0: 0 
[    0.058560] Built 1 zonelists, mobility grouping on.  Total pages: 3645181
[    0.058561] Policy zone: Normal
[    0.058856] mem auto-init: stack:all(zero), heap alloc:on, heap free:off
[    0.086449] SLUB: HWalign=64, Order=0-3, MinObjects=0, CPUs=8, Nodes=1
[    0.086768] ftrace: allocating 57222 entries in 224 pages
[    0.086769] ftrace: allocated 224 pages with 3 groups
[    0.086841] Dynamic Preempt: full
[    0.086891] rcu: Preemptible hierarchical RCU implementation.
[    0.086892] rcu: 	RCU restricting CPUs from NR_CPUS=8192 to nr_cpu_ids=8.
[    0.086893] rcu: 	RCU priority boosting: priority 1 delay 500 ms.
[    0.086894] 	Trampoline variant of Tasks RCU enabled.
[    0.086894] 	Rude variant of Tasks RCU enabled.
[    0.086895] 	Tracing variant of Tasks RCU enabled.
[    0.086895] rcu: RCU calculated value of scheduler-enlistment delay is 100 jiffies.
[    0.086896] rcu: Adjusting geometry for rcu_fanout_leaf=16, nr_cpu_ids=8
[    0.086906] RCU Tasks: Setting shift to 3 and lim to 1 rcu_task_cb_adjust=1 rcu_task_cpu_ids=8.
[    0.086907] RCU Tasks Rude: Setting shift to 3 and lim to 1 rcu_task_cb_adjust=1 rcu_task_cpu_ids=8.
[    0.090283] NR_IRQS: 524544, nr_irqs: 1032, preallocated irqs: 16
[    0.090493] rcu: srcu_init: Setting srcu_struct sizes based on contention.
[    0.090618] kfence: initialized - using 2097152 bytes for 255 objects at 0x(____ptrval____)-0x(____ptrval____)
[    0.090655] Console: colour dummy device 80x25
[    0.090658] printk: legacy console [tty0] enabled
[    0.090705] ACPI: Core revision 20251212
[    0.090819] clocksource: hpet: mask: 0xffffffff max_cycles: 0xffffffff, max_idle_ns: 133484873504 ns
[    0.090843] APIC: Switch to symmetric I/O mode setup
[    0.091397] AMD-Vi: Using global IVHD EFR:0x4f77ef22294ada, EFR2:0x0
[    0.092625] ..TIMER: vector=0x30 apic1=0 pin1=2 apic2=-1 pin2=-1
[    0.096853] clocksource: tsc-early: mask: 0xffffffffffffffff max_cycles: 0x6a78fa85812, max_idle_ns: 881590993592 ns
[    0.096858] Calibrating delay loop (skipped), value calculated using timer frequency.. 7386.53 BogoMIPS (lpj=3693266)
[    0.096871] AMD Zen1 DIV0 bug detected. Disable SMT for full protection.
[    0.096872] AMD Zen1 FPDSS bug detected, enabling mitigation.
[    0.096899] LVT offset 1 assigned for vector 0xf9
[    0.096900] LVT offset 2 assigned for vector 0xf4
[    0.096950] Last level iTLB entries: 4KB 1024, 2MB 1024, 4MB 512
[    0.096952] Last level dTLB entries: 4KB 1536, 2MB 1536, 4MB 768, 1GB 0
[    0.096957] process: using mwait in idle threads
[    0.096959] mitigations: Enabled attack vectors: user_kernel, user_user, guest_host, guest_guest, SMT mitigations: auto
[    0.096964] Speculative Store Bypass: Mitigation: Speculative Store Bypass disabled via prctl
[    0.096965] Spectre V2 : Mitigation: Retpolines
[    0.096966] RETBleed: Mitigation: untrained return thunk
[    0.096967] Speculative Return Stack Overflow: Mitigation: Safe RET
[    0.096968] VMSCAPE: Mitigation: IBPB before exit to userspace
[    0.096969] Spectre V1 : Mitigation: usercopy/swapgs barriers and __user pointer sanitization
[    0.096970] Spectre V2 : Spectre v2 / SpectreRSB: Filling RSB on context switch and VMEXIT
[    0.096970] Spectre V2 : Enabling Speculation Barrier for firmware calls
[    0.096971] active return thunk: retbleed_return_thunk
[    0.096975] Spectre V2 : mitigation: Enabling conditional Indirect Branch Prediction Barrier
[    0.096976] active return thunk: srso_return_thunk
[    0.096982] x86/fpu: Supporting XSAVE feature 0x001: 'x87 floating point registers'
[    0.096983] x86/fpu: Supporting XSAVE feature 0x002: 'SSE registers'
[    0.096984] x86/fpu: Supporting XSAVE feature 0x004: 'AVX registers'
[    0.096985] x86/fpu: xstate_offset[2]:  576, xstate_sizes[2]:  256
[    0.096986] x86/fpu: Enabled xstate features 0x7, context size is 832 bytes, using 'compacted' format.
[    0.125895] pid_max: default: 32768 minimum: 301
[    0.126055] landlock: Up and running.
[    0.126058] Yama: becoming mindful.
[    0.126316] LSM support for eBPF active
[    0.126369] Mount-cache hash table entries: 32768 (order: 6, 262144 bytes, linear)
[    0.126393] Mountpoint-cache hash table entries: 32768 (order: 6, 262144 bytes, linear)
[    0.126479] VFS: Finished mounting rootfs on nullfs
[    0.229524] smpboot: CPU0: AMD Ryzen 5 3400G with Radeon Vega Graphics (family: 0x17, model: 0x18, stepping: 0x1)
[    0.229736] Performance Events: Fam17h+ core perfctr, AMD PMU driver.
[    0.229743] ... version:                   0
[    0.229745] ... bit width:                 48
[    0.229747] ... generic counters:          6
[    0.229748] ... generic bitmap:            000000000000003f
[    0.229750] ... fixed-purpose counters:    0
[    0.229751] ... fixed-purpose bitmap:      0000000000000000
[    0.229753] ... value mask:                0000ffffffffffff
[    0.229754] ... max period:                00007fffffffffff
[    0.229756] ... global_ctrl mask:          000000000000003f
[    0.229855] signal: max sigframe size: 1776
[    0.229855] rcu: Hierarchical SRCU implementation.
[    0.229855] rcu: 	Max phase no-delay instances is 400.
[    0.229855] Timer migration: 1 hierarchy levels; 8 children per group; 1 crossnode level
[    0.238143] MCE: In-kernel MCE decoding enabled.
[    0.238260] smp: Bringing up secondary CPUs ...
[    0.238361] smpboot: x86: Booting SMP configuration:
[    0.238363] .... node  #0, CPUs:      #1 #2 #3
[    0.001321] No irq handler for 1.55
[    0.001321] No irq handler for 2.55
[    0.001321] No irq handler for 3.55
[    0.241956]  #4 #5 #6 #7
[    0.001321] No irq handler for 4.55
[    0.244012] VMSCAPE: SMT on, STIBP is required for full protection. See https://www.kernel.org/doc/html/latest/admin-guide/hw-vuln/vmscape.html for more details.
[    0.001321] No irq handler for 5.55
[    0.001321] No irq handler for 6.55
[    0.001321] No irq handler for 7.55
[    0.246884] smp: Brought up 1 node, 8 CPUs
[    0.246884] smpboot: Total of 8 processors activated (59092.25 BogoMIPS)
[    0.248040] Memory: 14073556K/14580724K available (22382K kernel code, 2915K rwdata, 17016K rodata, 4796K init, 4348K bss, 493168K reserved, 0K cma-reserved)
[    0.249053] devtmpfs: initialized
[    0.249053] x86/mm: Memory block size: 128MB
[    0.251433] ACPI: PM: Registering ACPI NVS region [mem 0x0a200000-0x0a20afff] (45056 bytes)
[    0.251433] ACPI: PM: Registering ACPI NVS region [mem 0x4a0bf000-0x4a7b0fff] (7282688 bytes)
[    0.251433] clocksource: jiffies: mask: 0xffffffff max_cycles: 0xffffffff, max_idle_ns: 1911260446275000 ns
[    0.251433] posixtimers hash table entries: 4096 (order: 4, 65536 bytes, linear)
[    0.251433] futex hash table entries: 2048 (131072 bytes on 1 NUMA nodes, total 128 KiB, linear).
[    0.251433] xor: automatically using best checksumming function   avx       
[    0.251918] PM: RTC time: 01:10:47, date: 2026-07-09
[    0.252467] NET: Registered PF_NETLINK/PF_ROUTE protocol family
[    0.252836] DMA: preallocated 2048 KiB GFP_KERNEL pool for atomic allocations
[    0.253090] DMA: preallocated 2048 KiB GFP_KERNEL|GFP_DMA pool for atomic allocations
[    0.253332] DMA: preallocated 2048 KiB GFP_KERNEL|GFP_DMA32 pool for atomic allocations
[    0.253348] audit: initializing netlink subsys (disabled)
[    0.253369] audit: type=2000 audit(1783559446.162:1): state=initialized audit_enabled=0 res=1
[    0.253369] thermal_sys: Registered thermal governor 'fair_share'
[    0.253369] thermal_sys: Registered thermal governor 'bang_bang'
[    0.253369] thermal_sys: Registered thermal governor 'step_wise'
[    0.253369] thermal_sys: Registered thermal governor 'user_space'
[    0.253369] thermal_sys: Registered thermal governor 'power_allocator'
[    0.253369] cpuidle: using governor ladder
[    0.253369] cpuidle: using governor menu
[    0.253869] Freeing SMP alternatives memory: 64K
[    0.256828] efi: Freeing EFI boot services memory: 56136K
[    0.256832] acpiphp: ACPI Hot Plug PCI Controller Driver version: 0.5
[    0.256961] PCI: ECAM [mem 0xf8000000-0xfbffffff] (base 0xf8000000) for domain 0000 [bus 00-3f]
[    0.256975] PCI: Using configuration type 1 for base access
[    0.257012] virt/tdx: TDX not supported by the host platform
[    0.257043] kprobes: kprobe jump-optimization is enabled. All kprobes are optimized if possible.
[    0.257043] HugeTLB: registered 1.00 GiB page size, pre-allocated 0 pages
[    0.257043] HugeTLB: 16380 KiB vmemmap can be freed for a 1.00 GiB page
[    0.257043] HugeTLB: registered 2.00 MiB page size, pre-allocated 0 pages
[    0.257043] HugeTLB: 28 KiB vmemmap can be freed for a 2.00 MiB page
[    0.259107] raid6: skipped pq benchmark and selected avx2x4
[    0.259112] raid6: using avx2x2 recovery algorithm
[    0.259230] fbcon: Taking over console
[    0.259289] ACPI: Added _OSI(Module Device)
[    0.259292] ACPI: Added _OSI(Processor Device)
[    0.259294] ACPI: Added _OSI(Processor Aggregator Device)
[    0.279875] ACPI: 9 ACPI AML tables successfully acquired and loaded
[    0.282528] ACPI: [Firmware Bug]: BIOS _OSI(Linux) query ignored
[    0.285065] ACPI: \_SB_: platform _OSC: OS support mask [006e7eff]
[    0.286057] ACPI: Interpreter enabled
[    0.286077] ACPI: PM: (supports S0 S3 S4 S5)
[    0.286079] ACPI: Using IOAPIC for interrupt routing
[    0.288025] PCI: Using host bridge windows from ACPI; if necessary, use "pci=nocrs" and report a bug
[    0.288027] PCI: Using E820 reservations for host bridge windows
[    0.288500] ACPI: Enabled 3 GPEs in block 00 to 1F
[    0.324464] ACPI: PCI Root Bridge [PCI0] (domain 0000 [bus 00-ff])
[    0.324471] acpi PNP0A08:00: _OSC: OS supports [ExtendedConfig ASPM ClockPM Segments MSI EDR HPX-Type3]
[    0.324635] acpi PNP0A08:00: _OSC: platform does not support [PCIeHotplug SHPCHotplug PME LTR DPC]
[    0.324946] acpi PNP0A08:00: _OSC: OS now controls [AER PCIeCapability]
[    0.324959] acpi PNP0A08:00: [Firmware Info]: ECAM [mem 0xf8000000-0xfbffffff] for domain 0000 [bus 00-3f] only partially covers this bridge
[    0.325629] PCI host bridge to bus 0000:00
[    0.325634] pci_bus 0000:00: root bus resource [io  0x0000-0x03af window]
[    0.325637] pci_bus 0000:00: root bus resource [io  0x03e0-0x0cf7 window]
[    0.325639] pci_bus 0000:00: root bus resource [io  0x03b0-0x03df window]
[    0.325641] pci_bus 0000:00: root bus resource [io  0x0d00-0xffff window]
[    0.325644] pci_bus 0000:00: root bus resource [mem 0x000a0000-0x000dffff window]
[    0.325646] pci_bus 0000:00: root bus resource [mem 0xd0000000-0xfec2ffff window]
[    0.325649] pci_bus 0000:00: root bus resource [mem 0xfee00000-0xffffffff window]
[    0.325651] pci_bus 0000:00: root bus resource [bus 00-ff]
[    0.325669] pci 0000:00:00.0: [1022:15d0] type 00 class 0x060000 conventional PCI endpoint
[    0.325825] pci 0000:00:00.2: [1022:15d1] type 00 class 0x080600 conventional PCI endpoint
[    0.325981] pci 0000:00:01.0: [1022:1452] type 00 class 0x060000 conventional PCI endpoint
[    0.326091] pci 0000:00:01.2: [1022:15d3] type 01 class 0x060400 PCIe Root Port
[    0.326111] pci 0000:00:01.2: PCI bridge to [bus 01-07]
[    0.326117] pci 0000:00:01.2:   bridge window [io  0xf000-0xffff]
[    0.326121] pci 0000:00:01.2:   bridge window [mem 0xfcd00000-0xfcefffff]
[    0.326138] pci 0000:00:01.2: enabling Extended Tags
[    0.326194] pci 0000:00:01.2: PME# supported from D0 D3hot D3cold
[    0.326465] pci 0000:00:01.6: [1022:15d3] type 01 class 0x060400 PCIe Root Port
[    0.326485] pci 0000:00:01.6: PCI bridge to [bus 08]
[    0.326492] pci 0000:00:01.6:   bridge window [mem 0xfcf00000-0xfcffffff]
[    0.326509] pci 0000:00:01.6: enabling Extended Tags
[    0.326565] pci 0000:00:01.6: PME# supported from D0 D3hot D3cold
[    0.326755] pci 0000:00:08.0: [1022:1452] type 00 class 0x060000 conventional PCI endpoint
[    0.326865] pci 0000:00:08.1: [1022:15db] type 01 class 0x060400 PCIe Root Port
[    0.326886] pci 0000:00:08.1: PCI bridge to [bus 09]
[    0.326892] pci 0000:00:08.1:   bridge window [io  0xe000-0xefff]
[    0.326896] pci 0000:00:08.1:   bridge window [mem 0xfc900000-0xfccfffff]
[    0.326905] pci 0000:00:08.1:   bridge window [mem 0xe0000000-0xf01fffff 64bit pref]
[    0.326915] pci 0000:00:08.1: enabling Extended Tags
[    0.326963] pci 0000:00:08.1: PME# supported from D0 D3hot D3cold
[    0.327176] pci 0000:00:14.0: [1022:790b] type 00 class 0x0c0500 conventional PCI endpoint
[    0.327337] pci 0000:00:14.3: [1022:790e] type 00 class 0x060100 conventional PCI endpoint
[    0.327510] pci 0000:00:18.0: [1022:15e8] type 00 class 0x060000 conventional PCI endpoint
[    0.327566] pci 0000:00:18.1: [1022:15e9] type 00 class 0x060000 conventional PCI endpoint
[    0.327621] pci 0000:00:18.2: [1022:15ea] type 00 class 0x060000 conventional PCI endpoint
[    0.327674] pci 0000:00:18.3: [1022:15eb] type 00 class 0x060000 conventional PCI endpoint
[    0.327728] pci 0000:00:18.4: [1022:15ec] type 00 class 0x060000 conventional PCI endpoint
[    0.327784] pci 0000:00:18.5: [1022:15ed] type 00 class 0x060000 conventional PCI endpoint
[    0.327840] pci 0000:00:18.6: [1022:15ee] type 00 class 0x060000 conventional PCI endpoint
[    0.327904] pci 0000:00:18.7: [1022:15ef] type 00 class 0x060000 conventional PCI endpoint
[    0.328055] pci 0000:01:00.0: [1022:43d5] type 00 class 0x0c0330 PCIe Legacy Endpoint
[    0.328094] pci 0000:01:00.0: BAR 0 [mem 0xfcea0000-0xfcea7fff 64bit]
[    0.328108] pci 0000:01:00.0: enabling Extended Tags
[    0.328176] pci 0000:01:00.0: PME# supported from D3hot D3cold
[    0.328416] pci 0000:01:00.1: [1022:43c8] type 00 class 0x010601 PCIe Legacy Endpoint
[    0.328459] pci 0000:01:00.1: BAR 5 [mem 0xfce80000-0xfce9ffff]
[    0.328463] pci 0000:01:00.1: ROM [mem 0xfce00000-0xfce7ffff pref]
[    0.328471] pci 0000:01:00.1: enabling Extended Tags
[    0.328518] pci 0000:01:00.1: PME# supported from D3hot D3cold
[    0.328656] pci 0000:01:00.2: [1022:43c6] type 01 class 0x060400 PCIe Switch Upstream Port
[    0.328682] pci 0000:01:00.2: PCI bridge to [bus 02-07]
[    0.328689] pci 0000:01:00.2:   bridge window [io  0xf000-0xffff]
[    0.328693] pci 0000:01:00.2:   bridge window [mem 0xfcd00000-0xfcdfffff]
[    0.328715] pci 0000:01:00.2: enabling Extended Tags
[    0.328765] pci 0000:01:00.2: PME# supported from D3hot D3cold
[    0.328947] pci 0000:00:01.2: PCI bridge to [bus 01-07]
[    0.329102] pci 0000:02:00.0: [1022:43c7] type 01 class 0x060400 PCIe Switch Downstream Port
[    0.329129] pci 0000:02:00.0: PCI bridge to [bus 03]
[    0.329160] pci 0000:02:00.0: enabling Extended Tags
[    0.329226] pci 0000:02:00.0: PME# supported from D3hot D3cold
[    0.329408] pci 0000:02:04.0: [1022:43c7] type 01 class 0x060400 PCIe Switch Downstream Port
[    0.329436] pci 0000:02:04.0: PCI bridge to [bus 04]
[    0.329466] pci 0000:02:04.0: enabling Extended Tags
[    0.329533] pci 0000:02:04.0: PME# supported from D3hot D3cold
[    0.329706] pci 0000:02:05.0: [1022:43c7] type 01 class 0x060400 PCIe Switch Downstream Port
[    0.329733] pci 0000:02:05.0: PCI bridge to [bus 05]
[    0.329764] pci 0000:02:05.0: enabling Extended Tags
[    0.329830] pci 0000:02:05.0: PME# supported from D3hot D3cold
[    0.330008] pci 0000:02:06.0: [1022:43c7] type 01 class 0x060400 PCIe Switch Downstream Port
[    0.330035] pci 0000:02:06.0: PCI bridge to [bus 06]
[    0.330066] pci 0000:02:06.0: enabling Extended Tags
[    0.330132] pci 0000:02:06.0: PME# supported from D3hot D3cold
[    0.330307] pci 0000:02:07.0: [1022:43c7] type 01 class 0x060400 PCIe Switch Downstream Port
[    0.330334] pci 0000:02:07.0: PCI bridge to [bus 07]
[    0.330341] pci 0000:02:07.0:   bridge window [io  0xf000-0xffff]
[    0.330345] pci 0000:02:07.0:   bridge window [mem 0xfcd00000-0xfcdfffff]
[    0.330369] pci 0000:02:07.0: enabling Extended Tags
[    0.330436] pci 0000:02:07.0: PME# supported from D3hot D3cold
[    0.330609] pci 0000:01:00.2: PCI bridge to [bus 02-07]
[    0.330663] pci 0000:02:00.0: PCI bridge to [bus 03]
[    0.330727] pci 0000:02:04.0: PCI bridge to [bus 04]
[    0.330794] pci 0000:02:05.0: PCI bridge to [bus 05]
[    0.330860] pci 0000:02:06.0: PCI bridge to [bus 06]
[    0.330978] pci 0000:07:00.0: [10ec:8168] type 00 class 0x020000 PCIe Endpoint
[    0.331055] pci 0000:07:00.0: BAR 0 [io  0xf000-0xf0ff]
[    0.331064] pci 0000:07:00.0: BAR 2 [mem 0xfcd04000-0xfcd04fff 64bit]
[    0.331070] pci 0000:07:00.0: BAR 4 [mem 0xfcd00000-0xfcd03fff 64bit]
[    0.331228] pci 0000:07:00.0: supports D1 D2
[    0.331230] pci 0000:07:00.0: PME# supported from D0 D1 D2 D3hot D3cold
[    0.331554] pci 0000:02:07.0: PCI bridge to [bus 07]
[    0.331672] pci 0000:08:00.0: [144d:a808] type 00 class 0x010802 PCIe Endpoint
[    0.331711] pci 0000:08:00.0: BAR 0 [mem 0xfcf00000-0xfcf03fff 64bit]
[    0.332004] pci 0000:00:01.6: PCI bridge to [bus 08]
[    0.332149] pci 0000:09:00.0: [1002:15d8] type 00 class 0x030000 PCIe Legacy Endpoint
[    0.332187] pci 0000:09:00.0: BAR 0 [mem 0xe0000000-0xefffffff 64bit pref]
[    0.332192] pci 0000:09:00.0: BAR 2 [mem 0xf0000000-0xf01fffff 64bit pref]
[    0.332195] pci 0000:09:00.0: BAR 4 [io  0xe000-0xe0ff]
[    0.332198] pci 0000:09:00.0: BAR 5 [mem 0xfcc00000-0xfcc7ffff]
[    0.332207] pci 0000:09:00.0: enabling Extended Tags
[    0.332238] pci 0000:09:00.0: Video device with shadowed ROM at [mem 0x000c0000-0x000dffff]
[    0.332303] pci 0000:09:00.0: PME# supported from D1 D2 D3hot D3cold
[    0.332536] pci 0000:09:00.1: [1002:15de] type 00 class 0x040300 PCIe Legacy Endpoint
[    0.332572] pci 0000:09:00.1: BAR 0 [mem 0xfcc88000-0xfcc8bfff]
[    0.332585] pci 0000:09:00.1: enabling Extended Tags
[    0.332636] pci 0000:09:00.1: PME# supported from D1 D2 D3hot D3cold
[    0.332773] pci 0000:09:00.2: [1022:15df] type 00 class 0x108000 PCIe Endpoint
[    0.332812] pci 0000:09:00.2: BAR 2 [mem 0xfcb00000-0xfcbfffff]
[    0.332817] pci 0000:09:00.2: BAR 5 [mem 0xfcc8c000-0xfcc8dfff]
[    0.332825] pci 0000:09:00.2: enabling Extended Tags
[    0.333008] pci 0000:09:00.3: [1022:15e0] type 00 class 0x0c0330 PCIe Endpoint
[    0.333045] pci 0000:09:00.3: BAR 0 [mem 0xfca00000-0xfcafffff 64bit]
[    0.333057] pci 0000:09:00.3: enabling Extended Tags
[    0.333111] pci 0000:09:00.3: PME# supported from D0 D3hot D3cold
[    0.333269] pci 0000:09:00.4: [1022:15e1] type 00 class 0x0c0330 PCIe Endpoint
[    0.333306] pci 0000:09:00.4: BAR 0 [mem 0xfc900000-0xfc9fffff 64bit]
[    0.333318] pci 0000:09:00.4: enabling Extended Tags
[    0.333372] pci 0000:09:00.4: PME# supported from D0 D3hot D3cold
[    0.333514] pci 0000:09:00.6: [1022:15e3] type 00 class 0x040300 PCIe Endpoint
[    0.333550] pci 0000:09:00.6: BAR 0 [mem 0xfcc80000-0xfcc87fff]
[    0.333563] pci 0000:09:00.6: enabling Extended Tags
[    0.333614] pci 0000:09:00.6: PME# supported from D0 D3hot D3cold
[    0.333774] pci 0000:00:08.1: PCI bridge to [bus 09]
[    0.335588] ACPI: PCI: Interrupt link LNKA configured for IRQ 0
[    0.335678] ACPI: PCI: Interrupt link LNKB configured for IRQ 0
[    0.335759] ACPI: PCI: Interrupt link LNKC configured for IRQ 0
[    0.335856] ACPI: PCI: Interrupt link LNKD configured for IRQ 0
[    0.335953] ACPI: PCI: Interrupt link LNKE configured for IRQ 0
[    0.336027] ACPI: PCI: Interrupt link LNKF configured for IRQ 0
[    0.336102] ACPI: PCI: Interrupt link LNKG configured for IRQ 0
[    0.336178] ACPI: PCI: Interrupt link LNKH configured for IRQ 0
[    0.337571] iommu: Default domain type: Translated
[    0.337571] iommu: DMA domain TLB invalidation policy: lazy mode
[    0.338098] SCSI subsystem initialized
[    0.338112] libata version 3.00 loaded.
[    0.338112] ACPI: bus type USB registered
[    0.338112] usbcore: registered new interface driver usbfs
[    0.338112] usbcore: registered new interface driver hub
[    0.338112] usbcore: registered new device driver usb
[    0.338112] EDAC MC: Ver: 3.0.0
[    0.338128] efivars: Registered efivars operations
[    0.338941] NetLabel: Initializing
[    0.338944] NetLabel:  domain hash size = 128
[    0.338946] NetLabel:  protocols = UNLABELED CIPSOv4 CALIPSO
[    0.338970] NetLabel:  unlabeled traffic allowed by default
[    0.338977] mctp: management component transport protocol core
[    0.338980] NET: Registered PF_MCTP protocol family
[    0.338996] PCI: Using ACPI for IRQ routing
[    0.341213] PCI: pci_cache_line_size set to 64 bytes
[    0.341293] e820: register RAM buffer resource [mem 0x09bff000-0x0bffffff]
[    0.341297] e820: register RAM buffer resource [mem 0x0a200000-0x0bffffff]
[    0.341299] e820: register RAM buffer resource [mem 0x0b000000-0x0bffffff]
[    0.341302] e820: register RAM buffer resource [mem 0x45719000-0x47ffffff]
[    0.341305] e820: register RAM buffer resource [mem 0x482f8000-0x4bffffff]
[    0.341308] e820: register RAM buffer resource [mem 0x49c49000-0x4bffffff]
[    0.341311] e820: register RAM buffer resource [mem 0x4d000000-0x4fffffff]
[    0.341313] e820: register RAM buffer resource [mem 0x42f340000-0x42fffffff]
[    0.341455] pci 0000:09:00.0: vgaarb: setting as boot VGA device
[    0.341455] pci 0000:09:00.0: vgaarb: bridge control possible
[    0.341455] pci 0000:09:00.0: vgaarb: VGA device added: decodes=io+mem,owns=io+mem,locks=none
[    0.341455] vgaarb: loaded
[    0.341455] hpet0: at MMIO 0xfed00000, IRQs 2, 8, 0
[    0.341455] hpet0: 3 comparators, 32-bit 14.318180 MHz counter
[    0.342959] clocksource: Switched to clocksource tsc-early
[    0.343143] VFS: Disk quotas dquot_6.6.0
[    0.343158] VFS: Dquot-cache hash table entries: 512 (order 0, 4096 bytes)
[    0.343375] acpi PNP0C01:00: Reserved [mem 0xf8000000-0xfbffffff]
[    0.343388] acpi PNP0C02:00: Could not reserve [mem 0xfeb80000-0xfebfffff]
[    0.343469] acpi PNP0C02:01: Reserved [mem 0x50000000-0xcfffffff]
[    0.343520] acpi PNP0C02:02: Reserved [mem 0xfd100000-0xfd1fffff]
[    0.343728] acpi PNP0C02:03: Reserved [io  0x0300-0x030f]
[    0.343731] acpi PNP0C02:03: Reserved [io  0x0230-0x023f]
[    0.343733] acpi PNP0C02:03: Reserved [io  0x0290-0x029f]
[    0.343995] acpi PNP0C02:04: Skipped [io  0x0010-0x001f]
[    0.343997] acpi PNP0C02:04: Skipped [io  0x0022-0x003f]
[    0.343999] acpi PNP0C02:04: Skipped [io  0x0063]
[    0.344001] acpi PNP0C02:04: Skipped [io  0x0065]
[    0.344003] acpi PNP0C02:04: Skipped [io  0x0067-0x006f]
[    0.344005] acpi PNP0C02:04: Skipped [io  0x0072-0x007f]
[    0.344007] acpi PNP0C02:04: Skipped [io  0x0080]
[    0.344009] acpi PNP0C02:04: Skipped [io  0x0084-0x0086]
[    0.344011] acpi PNP0C02:04: Skipped [io  0x0088]
[    0.344016] acpi PNP0C02:04: Skipped [io  0x008c-0x008e]
[    0.344018] acpi PNP0C02:04: Skipped [io  0x0090-0x009f]
[    0.344020] acpi PNP0C02:04: Skipped [io  0x00a2-0x00bf]
[    0.344022] acpi PNP0C02:04: Skipped [io  0x00b1]
[    0.344023] acpi PNP0C02:04: Skipped [io  0x00e0-0x00ef]
[    0.344026] acpi PNP0C02:04: Reserved [io  0x04d0-0x04d1]
[    0.344028] acpi PNP0C02:04: Reserved [io  0x040b]
[    0.344030] acpi PNP0C02:04: Reserved [io  0x04d6]
[    0.344032] acpi PNP0C02:04: Reserved [io  0x0c00-0x0c01]
[    0.344034] acpi PNP0C02:04: Reserved [io  0x0c14]
[    0.344036] acpi PNP0C02:04: Reserved [io  0x0c50-0x0c51]
[    0.344038] acpi PNP0C02:04: Reserved [io  0x0c52]
[    0.344041] acpi PNP0C02:04: Reserved [io  0x0c6c]
[    0.344043] acpi PNP0C02:04: Reserved [io  0x0c6f]
[    0.344045] acpi PNP0C02:04: Reserved [io  0x0cd8-0x0cdf]
[    0.344047] acpi PNP0C02:04: Reserved [io  0x0800-0x089f]
[    0.344049] acpi PNP0C02:04: Reserved [io  0x0b00-0x0b0f]
[    0.344051] acpi PNP0C02:04: Reserved [io  0x0b20-0x0b3f]
[    0.344053] acpi PNP0C02:04: Reserved [io  0x0900-0x090f]
[    0.344055] acpi PNP0C02:04: Reserved [io  0x0910-0x091f]
[    0.344058] acpi PNP0C02:04: Could not reserve [mem 0xfec00000-0xfec00fff]
[    0.344060] acpi PNP0C02:04: Could not reserve [mem 0xfec01000-0xfec01fff]
[    0.344063] acpi PNP0C02:04: Reserved [mem 0xfedc0000-0xfedc0fff]
[    0.344065] acpi PNP0C02:04: Reserved [mem 0xfee00000-0xfee00fff]
[    0.344067] acpi PNP0C02:04: Could not reserve [mem 0xfed80000-0xfed8ffff]
[    0.344070] acpi PNP0C02:04: Reserved [mem 0xfec10000-0xfec10fff]
[    0.344073] acpi PNP0C02:04: Reserved [mem 0xff000000-0xffffffff]
[    0.344125] pnp: PnP ACPI init
[    0.344755] pnp 00:00: [dma 0 disabled]
[    0.345746] pnp: PnP ACPI: found 1 devices
[    0.351994] clocksource: acpi_pm: mask: 0xffffff max_cycles: 0xffffff, max_idle_ns: 2085701024 ns
[    0.352076] NET: Registered PF_INET protocol family
[    0.352292] IP idents hash table entries: 262144 (order: 9, 2097152 bytes, linear)
[    0.369391] tcp_listen_portaddr_hash hash table entries: 8192 (order: 5, 131072 bytes, linear)
[    0.369421] Table-perturb hash table entries: 65536 (order: 6, 262144 bytes, linear)
[    0.369497] TCP established hash table entries: 131072 (order: 8, 1048576 bytes, linear)
[    0.369752] TCP bind hash table entries: 65536 (order: 9, 2097152 bytes, linear)
[    0.369863] TCP: Hash tables configured (established 131072 bind 65536)
[    0.369978] MPTCP token hash table entries: 16384 (order: 7, 393216 bytes, linear)
[    0.370067] UDP hash table entries: 8192 (order: 7, 524288 bytes, linear)
[    0.370157] NET: Registered PF_UNIX/PF_LOCAL protocol family
[    0.370166] NET: Registered PF_XDP protocol family
[    0.370188] pci 0000:02:00.0: PCI bridge to [bus 03]
[    0.370202] pci 0000:02:04.0: PCI bridge to [bus 04]
[    0.370214] pci 0000:02:05.0: PCI bridge to [bus 05]
[    0.370225] pci 0000:02:06.0: PCI bridge to [bus 06]
[    0.370236] pci 0000:02:07.0: PCI bridge to [bus 07]
[    0.370239] pci 0000:02:07.0:   bridge window [io  0xf000-0xffff]
[    0.370245] pci 0000:02:07.0:   bridge window [mem 0xfcd00000-0xfcdfffff]
[    0.370253] pci 0000:01:00.2: PCI bridge to [bus 02-07]
[    0.370256] pci 0000:01:00.2:   bridge window [io  0xf000-0xffff]
[    0.370261] pci 0000:01:00.2:   bridge window [mem 0xfcd00000-0xfcdfffff]
[    0.370269] pci 0000:00:01.2: PCI bridge to [bus 01-07]
[    0.370272] pci 0000:00:01.2:   bridge window [io  0xf000-0xffff]
[    0.370276] pci 0000:00:01.2:   bridge window [mem 0xfcd00000-0xfcefffff]
[    0.370284] pci 0000:00:01.6: PCI bridge to [bus 08]
[    0.370288] pci 0000:00:01.6:   bridge window [mem 0xfcf00000-0xfcffffff]
[    0.370298] pci 0000:00:08.1: PCI bridge to [bus 09]
[    0.370306] pci 0000:00:08.1:   bridge window [io  0xe000-0xefff]
[    0.370310] pci 0000:00:08.1:   bridge window [mem 0xfc900000-0xfccfffff]
[    0.370314] pci 0000:00:08.1:   bridge window [mem 0xe0000000-0xf01fffff 64bit pref]
[    0.370321] pci_bus 0000:00: resource 4 [io  0x0000-0x03af window]
[    0.370324] pci_bus 0000:00: resource 5 [io  0x03e0-0x0cf7 window]
[    0.370326] pci_bus 0000:00: resource 6 [io  0x03b0-0x03df window]
[    0.370328] pci_bus 0000:00: resource 7 [io  0x0d00-0xffff window]
[    0.370331] pci_bus 0000:00: resource 8 [mem 0x000a0000-0x000dffff window]
[    0.370333] pci_bus 0000:00: resource 9 [mem 0xd0000000-0xfec2ffff window]
[    0.370335] pci_bus 0000:00: resource 10 [mem 0xfee00000-0xffffffff window]
[    0.370338] pci_bus 0000:01: resource 0 [io  0xf000-0xffff]
[    0.370340] pci_bus 0000:01: resource 1 [mem 0xfcd00000-0xfcefffff]
[    0.370342] pci_bus 0000:02: resource 0 [io  0xf000-0xffff]
[    0.370344] pci_bus 0000:02: resource 1 [mem 0xfcd00000-0xfcdfffff]
[    0.370347] pci_bus 0000:07: resource 0 [io  0xf000-0xffff]
[    0.370349] pci_bus 0000:07: resource 1 [mem 0xfcd00000-0xfcdfffff]
[    0.370351] pci_bus 0000:08: resource 1 [mem 0xfcf00000-0xfcffffff]
[    0.370354] pci_bus 0000:09: resource 0 [io  0xe000-0xefff]
[    0.370356] pci_bus 0000:09: resource 1 [mem 0xfc900000-0xfccfffff]
[    0.370358] pci_bus 0000:09: resource 2 [mem 0xe0000000-0xf01fffff 64bit pref]
[    0.370743] pci 0000:09:00.1: D0 power state depends on 0000:09:00.0
[    0.370758] pci 0000:09:00.3: extending delay after power-on from D3hot to 20 msec
[    0.370941] pci 0000:09:00.4: extending delay after power-on from D3hot to 20 msec
[    0.371070] PCI: CLS 64 bytes, default 64
[    0.371101] pci 0000:00:00.2: AMD-Vi: IOMMU performance counters supported
[    0.371142] Trying to unpack rootfs image as initramfs...
[    0.371201] pci 0000:00:01.0: Adding to iommu group 0
[    0.371224] pci 0000:00:01.2: Adding to iommu group 1
[    0.371247] pci 0000:00:01.6: Adding to iommu group 2
[    0.371283] pci 0000:00:08.0: Adding to iommu group 3
[    0.371304] pci 0000:00:08.1: Adding to iommu group 4
[    0.371338] pci 0000:00:14.0: Adding to iommu group 5
[    0.371356] pci 0000:00:14.3: Adding to iommu group 5
[    0.371437] pci 0000:00:18.0: Adding to iommu group 6
[    0.371457] pci 0000:00:18.1: Adding to iommu group 6
[    0.371475] pci 0000:00:18.2: Adding to iommu group 6
[    0.371494] pci 0000:00:18.3: Adding to iommu group 6
[    0.371512] pci 0000:00:18.4: Adding to iommu group 6
[    0.371529] pci 0000:00:18.5: Adding to iommu group 6
[    0.371546] pci 0000:00:18.6: Adding to iommu group 6
[    0.371563] pci 0000:00:18.7: Adding to iommu group 6
[    0.371612] pci 0000:01:00.0: Adding to iommu group 7
[    0.371638] pci 0000:01:00.1: Adding to iommu group 7
[    0.371664] pci 0000:01:00.2: Adding to iommu group 7
[    0.371673] pci 0000:02:00.0: Adding to iommu group 7
[    0.371683] pci 0000:02:04.0: Adding to iommu group 7
[    0.371691] pci 0000:02:05.0: Adding to iommu group 7
[    0.371700] pci 0000:02:06.0: Adding to iommu group 7
[    0.371708] pci 0000:02:07.0: Adding to iommu group 7
[    0.371719] pci 0000:07:00.0: Adding to iommu group 7
[    0.371742] pci 0000:08:00.0: Adding to iommu group 8
[    0.371776] pci 0000:09:00.0: Adding to iommu group 9
[    0.371841] pci 0000:09:00.1: Adding to iommu group 10
[    0.371877] pci 0000:09:00.2: Adding to iommu group 10
[    0.371906] pci 0000:09:00.3: Adding to iommu group 10
[    0.371936] pci 0000:09:00.4: Adding to iommu group 10
[    0.371967] pci 0000:09:00.6: Adding to iommu group 10
[    0.373266] AMD-Vi: Extended features (0x4f77ef22294ada, 0x0): PPR NX GT IA GA PC GA_vAPIC
[    0.373282] AMD-Vi: Interrupt remapping enabled
[    0.373424] AMD-Vi: Virtual APIC enabled
[    0.373436] PCI-DMA: Using software bounce buffering for IO (SWIOTLB)
[    0.373438] software IO TLB: mapped [mem 0x0000000037bb5000-0x000000003bbb5000] (64MB)
[    0.373471] perf/amd_iommu: Detected AMD IOMMU #0 (2 banks, 4 counters/bank).
[    0.376418] Initialise system trusted keyrings
[    0.376431] Key type blacklist registered
[    0.376479] workingset: timestamp_bits=36 (anon: 32) max_order=22 bucket_order=0 (anon: 0)
[    0.376859] fuse: init (API version 7.45)
[    0.376954] integrity: Platform Keyring initialized
[    0.376957] integrity: Machine keyring initialized
[    0.385493] Key type asymmetric registered
[    0.385496] Asymmetric key parser 'x509' registered
[    0.385531] Block layer SCSI generic (bsg) driver version 0.4 loaded (major 245)
[    0.385588] io scheduler mq-deadline registered
[    0.385590] io scheduler kyber registered
[    0.385592] Adaptive Deadline I/O Scheduler 3.2.0 by Masahito Suzuki
[    0.385594] io scheduler adios registered
[    0.385616] io scheduler bfq registered
[    0.386885] ledtrig-cpu: registered to indicate activity on CPUs
[    0.387109] pcieport 0000:00:01.2: AER: enabled with IRQ 26
[    0.387384] pcieport 0000:00:01.6: AER: enabled with IRQ 27
[    0.389426] input: Power Button as /devices/platform/PNP0C0C:00/input/input0
[    0.389469] ACPI: button: Power Button [PWRB]
[    0.389538] input: Power Button as /devices/platform/LNXPWRBN:00/input/input1
[    0.389588] ACPI: button: Power Button [PWRF]
[    0.389641] Monitor-Mwait will be used to enter C-1 state
[    0.389947] ACPI: Enabled processor.bm_check_disable for AMD cpuidle
[    0.391093] Serial: 8250/16550 driver, 32 ports, IRQ sharing enabled
[    0.391359] 00:00: ttyS0 at I/O 0x3f8 (irq = 4, base_baud = 115200) is a 16550A
[    0.395690] Non-volatile memory driver v1.3
[    0.444116] tpm_crb_acpi MSFT0101:00: Disabling hwrng
[    0.445821] ahci 0000:01:00.1: SSS flag set, parallel bus scan disabled
[    0.445864] ahci 0000:01:00.1: AHCI vers 0001.0301, 32 command slots, 6 Gbps, SATA mode
[    0.445869] ahci 0000:01:00.1: 4/8 ports implemented (port mask 0x33)
[    0.445873] ahci 0000:01:00.1: flags: 64bit ncq sntf stag pm led clo only pmp pio slum part sxs deso sadm sds apst 
[    0.446913] scsi host0: ahci
[    0.447108] scsi host1: ahci
[    0.447248] scsi host2: ahci
[    0.447398] scsi host3: ahci
[    0.447533] scsi host4: ahci
[    0.447678] scsi host5: ahci
[    0.447824] scsi host6: ahci
[    0.447972] scsi host7: ahci
[    0.448053] ata1: SATA max UDMA/133 abar m131072@0xfce80000 port 0xfce80100 irq 38 lpm-pol 3
[    0.448057] ata2: SATA max UDMA/133 abar m131072@0xfce80000 port 0xfce80180 irq 38 lpm-pol 3
[    0.448060] ata3: DUMMY
[    0.448062] ata4: DUMMY
[    0.448065] ata5: SATA max UDMA/133 abar m131072@0xfce80000 port 0xfce80300 irq 38 lpm-pol 3
[    0.448069] ata6: SATA max UDMA/133 abar m131072@0xfce80000 port 0xfce80380 irq 38 lpm-pol 3
[    0.448071] ata7: DUMMY
[    0.448074] ata8: DUMMY
[    0.448175] ACPI: bus type drm_connector registered
[    0.449122] xhci_hcd 0000:01:00.0: xHCI Host Controller
[    0.449132] xhci_hcd 0000:01:00.0: new USB bus registered, assigned bus number 1
[    0.489372] Freeing initrd memory: 50928K
[    0.504501] xhci_hcd 0000:01:00.0: hcc params 0x0200ef81 hci version 0x110 quirks 0x0000000000000010
[    0.504976] xhci_hcd 0000:01:00.0: xHCI Host Controller
[    0.504981] xhci_hcd 0000:01:00.0: new USB bus registered, assigned bus number 2
[    0.504985] xhci_hcd 0000:01:00.0: Host supports USB 3.1 Enhanced SuperSpeed
[    0.505060] usb usb1: New USB device found, idVendor=1d6b, idProduct=0002, bcdDevice= 7.01
[    0.505063] usb usb1: New USB device strings: Mfr=3, Product=2, SerialNumber=1
[    0.505065] usb usb1: Product: xHCI Host Controller
[    0.505068] usb usb1: Manufacturer: Linux 7.1.3-1-cachyos xhci-hcd
[    0.505070] usb usb1: SerialNumber: 0000:01:00.0
[    0.505271] hub 1-0:1.0: USB hub found
[    0.505285] hub 1-0:1.0: 10 ports detected
[    0.523481] usb usb2: We don't know the algorithms for LPM for this host, disabling LPM.
[    0.523500] usb usb2: New USB device found, idVendor=1d6b, idProduct=0003, bcdDevice= 7.01
[    0.523503] usb usb2: New USB device strings: Mfr=3, Product=2, SerialNumber=1
[    0.523505] usb usb2: Product: xHCI Host Controller
[    0.523507] usb usb2: Manufacturer: Linux 7.1.3-1-cachyos xhci-hcd
[    0.523509] usb usb2: SerialNumber: 0000:01:00.0
[    0.523607] hub 2-0:1.0: USB hub found
[    0.523615] hub 2-0:1.0: 4 ports detected
[    0.530992] xhci_hcd 0000:09:00.3: xHCI Host Controller
[    0.530997] xhci_hcd 0000:09:00.3: new USB bus registered, assigned bus number 3
[    0.531148] xhci_hcd 0000:09:00.3: hcc params 0x0270ffe5 hci version 0x110 quirks 0x0004000840000010
[    0.531522] xhci_hcd 0000:09:00.3: xHCI Host Controller
[    0.531525] xhci_hcd 0000:09:00.3: new USB bus registered, assigned bus number 4
[    0.531528] xhci_hcd 0000:09:00.3: Host supports USB 3.1 Enhanced SuperSpeed
[    0.531581] usb usb3: New USB device found, idVendor=1d6b, idProduct=0002, bcdDevice= 7.01
[    0.531584] usb usb3: New USB device strings: Mfr=3, Product=2, SerialNumber=1
[    0.531586] usb usb3: Product: xHCI Host Controller
[    0.531588] usb usb3: Manufacturer: Linux 7.1.3-1-cachyos xhci-hcd
[    0.531590] usb usb3: SerialNumber: 0000:09:00.3
[    0.531704] hub 3-0:1.0: USB hub found
[    0.531718] hub 3-0:1.0: 4 ports detected
[    0.532031] usb usb4: We don't know the algorithms for LPM for this host, disabling LPM.
[    0.532051] usb usb4: New USB device found, idVendor=1d6b, idProduct=0003, bcdDevice= 7.01
[    0.532054] usb usb4: New USB device strings: Mfr=3, Product=2, SerialNumber=1
[    0.532056] usb usb4: Product: xHCI Host Controller
[    0.532058] usb usb4: Manufacturer: Linux 7.1.3-1-cachyos xhci-hcd
[    0.532060] usb usb4: SerialNumber: 0000:09:00.3
[    0.532158] hub 4-0:1.0: USB hub found
[    0.532171] hub 4-0:1.0: 4 ports detected
[    0.532862] xhci_hcd 0000:09:00.4: xHCI Host Controller
[    0.532867] xhci_hcd 0000:09:00.4: new USB bus registered, assigned bus number 5
[    0.533000] xhci_hcd 0000:09:00.4: hcc params 0x0260ffe5 hci version 0x110 quirks 0x0004000840000010
[    0.533333] xhci_hcd 0000:09:00.4: xHCI Host Controller
[    0.533336] xhci_hcd 0000:09:00.4: new USB bus registered, assigned bus number 6
[    0.533339] xhci_hcd 0000:09:00.4: Host supports USB 3.1 Enhanced SuperSpeed
[    0.533391] usb usb5: New USB device found, idVendor=1d6b, idProduct=0002, bcdDevice= 7.01
[    0.533393] usb usb5: New USB device strings: Mfr=3, Product=2, SerialNumber=1
[    0.533396] usb usb5: Product: xHCI Host Controller
[    0.533397] usb usb5: Manufacturer: Linux 7.1.3-1-cachyos xhci-hcd
[    0.533399] usb usb5: SerialNumber: 0000:09:00.4
[    0.533509] hub 5-0:1.0: USB hub found
[    0.533521] hub 5-0:1.0: 1 port detected
[    0.533621] usb usb6: We don't know the algorithms for LPM for this host, disabling LPM.
[    0.533639] usb usb6: New USB device found, idVendor=1d6b, idProduct=0003, bcdDevice= 7.01
[    0.533642] usb usb6: New USB device strings: Mfr=3, Product=2, SerialNumber=1
[    0.533644] usb usb6: Product: xHCI Host Controller
[    0.533646] usb usb6: Manufacturer: Linux 7.1.3-1-cachyos xhci-hcd
[    0.533648] usb usb6: SerialNumber: 0000:09:00.4
[    0.533744] hub 6-0:1.0: USB hub found
[    0.533754] hub 6-0:1.0: 1 port detected
[    0.533911] usbcore: registered new interface driver usbserial_generic
[    0.533918] usbserial: USB Serial support registered for generic
[    0.533945] i8042: PNP: No PS/2 controller found.
[    0.534095] rtc_cmos PNP0B00:00: RTC can wake from S4
[    0.534365] rtc_cmos PNP0B00:00: registered as rtc0
[    0.534402] rtc_cmos PNP0B00:00: setting system clock to 2026-07-09T01:10:47 UTC (1783559447)
[    0.534437] rtc_cmos PNP0B00:00: alarms up to one month, y3k, 114 bytes nvram, hpet irqs
[    0.534972] simple-framebuffer simple-framebuffer.0: [drm] Registered 1 planes with drm panic
[    0.534984] [drm] Initialized simpledrm 1.0.0 for simple-framebuffer.0 on minor 0
[    0.536949] Console: switching to colour frame buffer device 128x48
[    0.538973] simple-framebuffer simple-framebuffer.0: [drm] fb0: simpledrmdrmfb frame buffer device
[    0.539027] hid: raw HID events driver (C) Jiri Kosina
[    0.539066] usbcore: registered new interface driver usbhid
[    0.539068] usbhid: USB HID core driver
[    0.539184] drop_monitor: Initializing network drop monitor service
[    0.539309] NET: Registered PF_INET6 protocol family
[    0.540429] Segment Routing with IPv6
[    0.540431] RPL Segment Routing with IPv6
[    0.540439] In-situ OAM (IOAM) with IPv6
[    0.540460] NET: Registered PF_PACKET protocol family
[    0.541280] x86/amd: Previous system reset reason [0x00080800]: software wrote 0x6 to reset control register 0xCF9
[    0.541295] microcode: Current revision: 0x08108109
[    0.541435] IPI shorthand broadcast: enabled
[    0.545743] Piece-Of-Cake (POC) CPU Selector 2.6.2 by Masahito Suzuki [CTZ: HW (TZCNT), PTSelect: HW (PDEP)]
[    0.545771] sched_clock: Marking stable (544695911, 321876)->(682574677, -137556890)
[    0.546012] registered taskstats version 1
[    0.546473] Loading compiled-in X.509 certificates
[    0.552238] Loaded X.509 cert 'Build time autogenerated kernel key: ece1cf2d7b65b709de58ef3ed1416e7597e6b6a5'
[    0.556498] zswap: loaded using pool zstd
[    0.556572] Demotion targets for Node 0: null
[    0.556737] Key type .fscrypt registered
[    0.556739] Key type fscrypt-provisioning registered
[    0.557182] Btrfs loaded, zoned=yes, fsverity=yes
[    0.557228] Key type big_key registered
[    0.557348] integrity: Loading X.509 certificate: UEFI:db
[    0.561192] integrity: Loaded X.509 cert 'ASUSTeK MotherBoard SW Key Certificate: da83b990422ebc8c441f8d8b039a65a2'
[    0.561196] integrity: Loading X.509 certificate: UEFI:db
[    0.561322] integrity: Loaded X.509 cert 'ASUSTeK Notebook SW Key Certificate: b8e581e4df77a5bb4282d5ccfc00c071'
[    0.561324] integrity: Loading X.509 certificate: UEFI:db
[    0.561340] integrity: Loaded X.509 cert 'Microsoft Corporation UEFI CA 2011: 13adbf4309bd82709c8cd54f316ed522988a1bd4'
[    0.561342] integrity: Loading X.509 certificate: UEFI:db
[    0.561356] integrity: Loaded X.509 cert 'Microsoft Windows Production PCA 2011: a92902398e16c49778cd90f99e4f9ae17c55af53'
[    0.561358] integrity: Loading X.509 certificate: UEFI:db
[    0.561486] integrity: Loaded X.509 cert 'Canonical Ltd. Master Certificate Authority: ad91990bc22ab1f517048c23b6655a268e345a63'
[    0.563023] PM:   Magic number: 2:401:154
[    0.563106] acpi device:21: hash matches
[    0.563297] RAS: Correctable Errors collector initialized.
[    0.563593] clk: Disabling unused clocks
[    0.563595] PM: genpd: Disabling unused power domains
[    0.770203] usb 3-2: new high-speed USB device number 2 using xhci_hcd
[    0.823202] usb 1-1: new low-speed USB device number 2 using xhci_hcd
[    0.906412] ata1: SATA link up 6.0 Gbps (SStatus 133 SControl 300)
[    0.911574] ata1.00: ATA-10: KINGSTON SA400S37480G, S3501103, max UDMA/133
[    0.914755] ata1.00: 937703088 sectors, multi 1: LBA48 NCQ (depth 32), AA
[    0.914761] ata1.00: Features: DIPM
[    0.927806] ata1.00: configured for UDMA/133
[    0.943139] scsi 0:0:0:0: Direct-Access     ATA      KINGSTON SA400S3 1103 PQ: 0 ANSI: 5
[    0.943512] sd 0:0:0:0: [sda] 937703088 512-byte logical blocks: (480 GB/447 GiB)
[    0.943523] sd 0:0:0:0: [sda] Write Protect is off
[    0.943526] sd 0:0:0:0: [sda] Mode Sense: 00 3a 00 00
[    0.943540] sd 0:0:0:0: [sda] Write cache: enabled, read cache: enabled, doesn't support DPO or FUA
[    0.943562] sd 0:0:0:0: [sda] Preferred minimum I/O size 512 bytes
[    0.969141]  sda: sda1 sda2
[    0.969268] sd 0:0:0:0: [sda] Attached SCSI disk
[    1.111148] usb 3-2: New USB device found, idVendor=046d, idProduct=0825, bcdDevice= 5.62
[    1.111156] usb 3-2: New USB device strings: Mfr=0, Product=2, SerialNumber=1
[    1.111160] usb 3-2: Product: C270 HD WEBCAM
[    1.111164] usb 3-2: SerialNumber: 3063E360
[    1.120779] usb 1-1: New USB device found, idVendor=046d, idProduct=c077, bcdDevice=72.00
[    1.120794] usb 1-1: New USB device strings: Mfr=1, Product=2, SerialNumber=0
[    1.120802] usb 1-1: Product: USB Optical Mouse
[    1.120809] usb 1-1: Manufacturer: Logitech
[    1.143491] input: Logitech USB Optical Mouse as /devices/pci0000:00/0000:00:01.2/0000:01:00.0/usb1/1-1/1-1:1.0/0003:046D:C077.0001/input/input2
[    1.143605] hid-generic 0003:046D:C077.0001: input,hidraw0: USB HID v1.11 Mouse [Logitech USB Optical Mouse] on usb-0000:01:00.0-1/input0
[    1.208300] usb 2-2: new SuperSpeed USB device number 2 using xhci_hcd
[    1.242127] usb 2-2: New USB device found, idVendor=0bda, idProduct=0409, bcdDevice= 1.43
[    1.242135] usb 2-2: New USB device strings: Mfr=1, Product=2, SerialNumber=0
[    1.242138] usb 2-2: Product: 4-Port USB 3.0 Hub
[    1.242141] usb 2-2: Manufacturer: Generic
[    1.251068] ata2: SATA link down (SStatus 0 SControl 300)
[    1.255860] hub 2-2:1.0: USB hub found
[    1.257648] hub 2-2:1.0: 2 ports detected
[    1.402699] tsc: Refined TSC clocksource calibration: 3696.216 MHz
[    1.402718] clocksource: tsc: mask: 0xffffffffffffffff max_cycles: 0x6a8ebf89766, max_idle_ns: 881590655905 ns
[    1.402924] clocksource: Switched to clocksource tsc
[    1.403346] usb 1-2: new high-speed USB device number 3 using xhci_hcd
[    1.461693] usb 3-3: new full-speed USB device number 3 using xhci_hcd
[    1.561225] ata5: SATA link down (SStatus 0 SControl 300)
[    1.604678] usb 3-3: New USB device found, idVendor=12c9, idProduct=6004, bcdDevice=10.05
[    1.604694] usb 3-3: New USB device strings: Mfr=1, Product=2, SerialNumber=0
[    1.604702] usb 3-3: Product: Newmen Bluetooth Keyboard
[    1.604708] usb 3-3: Manufacturer: SINO WEALTH
[    1.617762] input: SINO WEALTH Newmen Bluetooth Keyboard as /devices/pci0000:00/0000:00:08.1/0000:09:00.3/usb3/3-3/3-3:1.0/0003:12C9:6004.0002/input/input3
[    1.629755] usb 1-2: New USB device found, idVendor=0bda, idProduct=5409, bcdDevice= 1.43
[    1.629763] usb 1-2: New USB device strings: Mfr=1, Product=2, SerialNumber=0
[    1.629768] usb 1-2: Product: 4-Port USB 2.0 Hub
[    1.629771] usb 1-2: Manufacturer: Generic
[    1.639216] hub 1-2:1.0: USB hub found
[    1.641747] hub 1-2:1.0: 4 ports detected
[    1.668895] hid-generic 0003:12C9:6004.0002: input,hidraw1: USB HID v1.11 Keyboard [SINO WEALTH Newmen Bluetooth Keyboard] on usb-0000:09:00.3-3/input0
[    1.675138] input: SINO WEALTH Newmen Bluetooth Keyboard System Control as /devices/pci0000:00/0000:00:08.1/0000:09:00.3/usb3/3-3/3-3:1.1/0003:12C9:6004.0003/input/input4
[    1.725549] input: SINO WEALTH Newmen Bluetooth Keyboard Consumer Control as /devices/pci0000:00/0000:00:08.1/0000:09:00.3/usb3/3-3/3-3:1.1/0003:12C9:6004.0003/input/input5
[    1.725630] input: SINO WEALTH Newmen Bluetooth Keyboard as /devices/pci0000:00/0000:00:08.1/0000:09:00.3/usb3/3-3/3-3:1.1/0003:12C9:6004.0003/input/input6
[    1.725706] input: SINO WEALTH Newmen Bluetooth Keyboard Mouse as /devices/pci0000:00/0000:00:08.1/0000:09:00.3/usb3/3-3/3-3:1.1/0003:12C9:6004.0003/input/input7
[    1.725850] hid-generic 0003:12C9:6004.0003: input,hiddev96,hidraw2: USB HID v1.11 Keyboard [SINO WEALTH Newmen Bluetooth Keyboard] on usb-0000:09:00.3-3/input1
[    1.836682] usb 1-5: new full-speed USB device number 4 using xhci_hcd
[    1.872686] ata6: SATA link down (SStatus 0 SControl 300)
[    1.878427] Freeing unused decrypted memory: 2028K
[    1.879365] Freeing unused kernel image (initmem) memory: 4796K
[    1.879397] Write protecting the kernel read-only data: 40960k
[    1.879675] Freeing unused kernel image (text/rodata gap) memory: 144K
[    1.879995] Freeing unused kernel image (rodata/data gap) memory: 1416K
[    1.938034] x86/mm: Checked W+X mappings: passed, no W+X pages found.
[    1.938039] rodata_test: all tests were successful
[    1.938046] Run /init as init process
[    1.938048]   with arguments:
[    1.938050]     /init
[    1.938052]     splash
[    1.938053]   with environment:
[    1.938055]     HOME=/
[    1.938056]     TERM=linux
[    1.956009] systemd[1]: Successfully made /usr/ read-only.
[    2.098338] clocksource: Marking clocksource tsc unstable due to frequency skew
[    2.098347] clocksource: Watchdog                    hpet interval:        496414697ns
[    2.098354] clocksource: Clocksource                  tsc interval:        495990906ns
[    2.098363] tsc: Marking TSC unstable due to clocksource watchdog
[    2.098379] TSC found unstable after boot, most likely due to broken BIOS. Use 'tsc=unstable'.
[    2.098384] sched_clock: Marking unstable (2098056208, 321925)<-(2235935844, -137556890)
[    2.099360] clocksource: Switched to clocksource hpet
[    2.231682] usb 1-5: New USB device found, idVendor=0a12, idProduct=0001, bcdDevice=88.91
[    2.231698] usb 1-5: New USB device strings: Mfr=0, Product=0, SerialNumber=0
[    2.290817] systemd[1]: systemd 261.1-1-arch running in system mode (+PAM +AUDIT -SELINUX +APPARMOR -IMA +IPE +SMACK +SECCOMP +GCRYPT +GNUTLS +OPENSSL +ACL +BLKID +CURL +ELFUTILS +FIDO2 +IDN2 +KMOD +LIBCRYPTSETUP +LIBCRYPTSETUP_PLUGINS +LIBFDISK +PCRE2 +PWQUALITY +P11KIT +QRENCODE +TPM2 +BZIP2 +LZ4 +XZ +ZLIB +ZSTD +BPF_FRAMEWORK +BTF +XKBCOMMON +UTMP +LIBARCHIVE)
[    2.290836] systemd[1]: Detected architecture x86-64.
[    2.290846] systemd[1]: Running in initrd.
[    2.291350] systemd[1]: Initializing machine ID from random generator.
[    2.320120] systemd[1]: Queued start job for default target Initrd Default Target.
[    2.328839] systemd[1]: Expecting device /dev/disk/by-uuid/8270346c-1d05-4eb6-9373-76497b9eff6b...
[    2.328908] systemd[1]: Reached target Path Units.
[    2.328934] systemd[1]: Reached target Slice Units.
[    2.328962] systemd[1]: Reached target Swaps.
[    2.328989] systemd[1]: Reached target Timer Units.
[    2.329089] systemd[1]: Listening on Journal Socket (/dev/log).
[    2.329190] systemd[1]: Listening on Journal Sockets.
[    2.329285] systemd[1]: Listening on udev Control Socket.
[    2.329387] systemd[1]: Listening on udev Kernel Socket.
[    2.329415] systemd[1]: Reached target Socket Units.
[    2.329450] systemd[1]: Create List of Static Device Nodes skipped, unmet condition check ConditionFileNotEmpty=/lib/modules/7.1.3-1-cachyos/modules.devname
[    2.331876] systemd[1]: Starting Journal Service...
[    2.332584] systemd[1]: Starting Load Kernel Modules...
[    2.332638] systemd[1]: TPM PCR Barrier (initrd) skipped, unmet condition check ConditionSecurity=measured-os
[    2.333240] systemd[1]: Starting Create Static Device Nodes in /dev...
[    2.333901] systemd[1]: Starting Coldplug All udev Devices...
[    2.334810] systemd[1]: Starting Virtual Console Setup...
[    2.341030] systemd[1]: Finished Create Static Device Nodes in /dev.
[    2.341959] systemd[1]: Finished Load Kernel Modules.
[    2.342126] systemd[1]: Reached target Preparation for Local File Systems.
[    2.342159] systemd[1]: Reached target Local File Systems.
[    2.343196] systemd[1]: Starting Rule-based Manager for Device Events and Files...
[    2.346226] systemd[1]: Finished Virtual Console Setup.
[    2.347121] systemd-journald[151]: Collecting audit messages is disabled.
[    2.365981] systemd[1]: Started Rule-based Manager for Device Events and Files.
[    2.428108] systemd[1]: Started Journal Service.
[    2.669945] Key type psk registered
[    2.694098] nvme nvme0: pci function 0000:08:00.0
[    2.705014] nvme nvme0: D3 entry latency set to 8 seconds
[    2.707939] nvme nvme0: passthrough uses implicit buffer lengths
[    2.714190] nvme nvme0: 8/0/0 default/read/poll queues
[    2.724536]  nvme0n1: p1 p2
[    3.558951] BTRFS: device fsid 8270346c-1d05-4eb6-9373-76497b9eff6b devid 1 transid 7158 /dev/nvme0n1p2 (259:2) scanned by mount (217)
[    3.559366] BTRFS info (device nvme0n1p2): first mount of filesystem 8270346c-1d05-4eb6-9373-76497b9eff6b
[    3.559373] BTRFS info (device nvme0n1p2): using crc32c checksum algorithm
[    3.562516] BTRFS info (device nvme0n1p2): enabling ssd optimizations
[    3.562523] BTRFS info (device nvme0n1p2): turning on async discard
[    3.562526] BTRFS info (device nvme0n1p2): enabling free space tree
[    6.557972] amdgpu: Virtual CRAT table created for CPU
[    6.557991] amdgpu: Topology: Add CPU node
[    6.558174] amdgpu 0000:09:00.0: initializing kernel modesetting (RAVEN 0x1002:0x15D8 0x1043:0x876B 0xC8).
[    6.558187] amdgpu 0000:09:00.0: register mmio base: 0xFCC00000
[    6.558190] amdgpu 0000:09:00.0: register mmio size: 524288
[    6.558854] amdgpu 0000:09:00.0: detected ip block number 0 <common_v2_0_0> (soc15_common)
[    6.558858] amdgpu 0000:09:00.0: detected ip block number 1 <gmc_v9_0_0> (gmc_v9_0)
[    6.558862] amdgpu 0000:09:00.0: detected ip block number 2 <ih_v4_0_0> (vega10_ih)
[    6.558865] amdgpu 0000:09:00.0: detected ip block number 3 <psp_v10_0_0> (psp)
[    6.558868] amdgpu 0000:09:00.0: detected ip block number 4 <smu_v1_0_0> (powerplay)
[    6.558871] amdgpu 0000:09:00.0: detected ip block number 5 <dce_v1_0_0> (dm)
[    6.558874] amdgpu 0000:09:00.0: detected ip block number 6 <gfx_v9_0_0> (gfx_v9_0)
[    6.558876] amdgpu 0000:09:00.0: detected ip block number 7 <sdma_v4_0_0> (sdma_v4_0)
[    6.558879] amdgpu 0000:09:00.0: detected ip block number 8 <vcn_v1_0_0> (vcn_v1_0)
[    6.581432] amdgpu 0000:09:00.0: Fetched VBIOS from ROM BAR
[    6.581437] amdgpu 0000:09:00.0: [drm] ATOM BIOS: 113-PICASSO-117, build: 479078  , ver: <ipv4-redacted>.000000, 2019/09/02
[    6.598559] Console: switching to colour dummy device 80x25
[    6.599030] amdgpu 0000:09:00.0: vgaarb: deactivate vga console
[    6.599035] amdgpu 0000:09:00.0: Trusted Memory Zone (TMZ) feature enabled
[    6.599078] amdgpu 0000:09:00.0: vm size is 262144 GB, 4 levels, block size is 9-bit, fragment size is 9-bit
[    6.599088] amdgpu 0000:09:00.0: VRAM: 2048M 0x000000F400000000 - 0x000000F47FFFFFFF (2048M used)
[    6.599092] amdgpu 0000:09:00.0: GART: 1024M 0x0000000000000000 - 0x000000003FFFFFFF
[    6.599101] amdgpu 0000:09:00.0: [drm] Detected VRAM RAM=2048M, BAR=2048M
[    6.599104] amdgpu 0000:09:00.0: [drm] RAM width 128bits DDR4
[    6.599707] amdgpu 0000:09:00.0:  2048M of VRAM memory ready
[    6.599719] amdgpu 0000:09:00.0:  6935M of GTT memory ready.
[    6.599770] amdgpu 0000:09:00.0: [drm] GART: num cpu pages 262144, num gpu pages 262144
[    6.600239] amdgpu 0000:09:00.0: [drm] PCIE GART of 1024M enabled.
[    6.600243] amdgpu 0000:09:00.0: [drm] PTB located at 0x000000F400A00000
[    6.600928] amdgpu: hwmgr_sw_init smu backed is smu10_smu
[    6.601766] amdgpu 0000:09:00.0: [VCN instance 0] Found VCN firmware Version ENC: 1.15 DEC: 3 VEP: 0 Revision: 0
[    6.622682] amdgpu 0000:09:00.0: reserve 0x400000 from 0xf47fc00000 for PSP TMR
[    6.688287] amdgpu 0000:09:00.0: RAS: optional ras ta ucode is not available
[    6.693224] amdgpu 0000:09:00.0: RAP: optional rap ta ucode is not available
[    6.696346] amdgpu 0000:09:00.0: psp gfx command LOAD_TA(0x1) failed and response status is (0x7)
[    6.696990] [drm] DM_PPLIB: values for F clock
[    6.696995] [drm] DM_PPLIB:	 400000 in kHz, 3099 in mV
[    6.696997] [drm] DM_PPLIB:	 933000 in kHz, 3574 in mV
[    6.696999] [drm] DM_PPLIB:	 1200000 in kHz, 4399 in mV
[    6.697001] [drm] DM_PPLIB:	 1333000 in kHz, 4399 in mV
[    6.697004] [drm] DM_PPLIB: values for DCF clock
[    6.697006] [drm] DM_PPLIB:	 300000 in kHz, 3099 in mV
[    6.697008] [drm] DM_PPLIB:	 600000 in kHz, 3574 in mV
[    6.697010] [drm] DM_PPLIB:	 626000 in kHz, 4250 in mV
[    6.697012] [drm] DM_PPLIB:	 654000 in kHz, 4399 in mV
[    6.697312] amdgpu 0000:09:00.0: [drm] Display Core v3.2.378 initialized on DCN 1.0
[    6.812430] amdgpu 0000:09:00.0: kiq ring mec 2 pipe 1 q 0
[    6.830455] kfd kfd: Allocated 3969056 bytes on gart
[    6.830474] kfd kfd: Total number of KFD nodes to be created: 1
[    6.830666] amdgpu: Virtual CRAT table created for GPU
[    6.830781] amdgpu: Topology: Add GPU node [0x1002:0x15d8]
[    6.830784] kfd kfd: added device 1002:15d8
[    6.830798] amdgpu 0000:09:00.0: SE 1, SH per SE 1, CU per SH 11, active_cu_number 11
[    6.830803] amdgpu 0000:09:00.0: ring gfx uses VM inv eng 0 on hub 0
[    6.830807] amdgpu 0000:09:00.0: ring comp_1.0.0 uses VM inv eng 1 on hub 0
[    6.830810] amdgpu 0000:09:00.0: ring comp_1.1.0 uses VM inv eng 4 on hub 0
[    6.830812] amdgpu 0000:09:00.0: ring comp_1.2.0 uses VM inv eng 5 on hub 0
[    6.830815] amdgpu 0000:09:00.0: ring comp_1.3.0 uses VM inv eng 6 on hub 0
[    6.830818] amdgpu 0000:09:00.0: ring comp_1.0.1 uses VM inv eng 7 on hub 0
[    6.830821] amdgpu 0000:09:00.0: ring comp_1.1.1 uses VM inv eng 8 on hub 0
[    6.830823] amdgpu 0000:09:00.0: ring comp_1.2.1 uses VM inv eng 9 on hub 0
[    6.830826] amdgpu 0000:09:00.0: ring comp_1.3.1 uses VM inv eng 10 on hub 0
[    6.830829] amdgpu 0000:09:00.0: ring kiq_0.2.1.0 uses VM inv eng 11 on hub 0
[    6.830832] amdgpu 0000:09:00.0: ring sdma0 uses VM inv eng 0 on hub 8
[    6.830834] amdgpu 0000:09:00.0: ring vcn_dec uses VM inv eng 1 on hub 8
[    6.830837] amdgpu 0000:09:00.0: ring vcn_enc0 uses VM inv eng 4 on hub 8
[    6.830840] amdgpu 0000:09:00.0: ring vcn_enc1 uses VM inv eng 5 on hub 8
[    6.830842] amdgpu 0000:09:00.0: ring jpeg_dec uses VM inv eng 6 on hub 8
[    6.837486] amdgpu: pp_dpm_get_sclk_od was not implemented.
[    6.837489] amdgpu: pp_dpm_get_mclk_od was not implemented.
[    6.837642] amdgpu 0000:09:00.0: Runtime PM not available
[    6.838060] amdgpu 0000:09:00.0: [drm] Registered 4 planes with drm panic
[    6.843346] [drm] Initialized amdgpu 3.64.0 for 0000:09:00.0 on minor 1
[    6.856142] amdgpu 0000:09:00.0: [drm] Failed to setup vendor infoframe on connector HDMI-A-1: -22
[    6.861149] fbcon: amdgpudrmfb (fb0) is primary device
[    6.861216] Console: switching to colour frame buffer device 240x67
[    6.861225] amdgpu 0000:09:00.0: [drm] fb0: amdgpudrmfb frame buffer device
[    6.955444] systemd-journald[151]: Received SIGTERM from PID 1 (systemd).
[    7.694464] systemd[1]: systemd 261.1-1-arch running in system mode (+PAM +AUDIT -SELINUX +APPARMOR -IMA +IPE +SMACK +SECCOMP +GCRYPT +GNUTLS +OPENSSL +ACL +BLKID +CURL +ELFUTILS +FIDO2 +IDN2 +KMOD +LIBCRYPTSETUP +LIBCRYPTSETUP_PLUGINS +LIBFDISK +PCRE2 +PWQUALITY +P11KIT +QRENCODE +TPM2 +BZIP2 +LZ4 +XZ +ZLIB +ZSTD +BPF_FRAMEWORK +BTF +XKBCOMMON +UTMP +LIBARCHIVE)
[    7.694488] systemd[1]: Detected architecture x86-64.
[    7.710112] systemd[1]: Hostname set to <<hostname-redacted>>.
[    7.821464] systemd[1]: bpf-restrict-fs: LSM BPF program attached
[    7.883719] zram: Added device: zram0
[    8.069843] systemd[1]: initrd-switch-root.service: Deactivated successfully.
[    8.070267] systemd[1]: Stopped Switch Root.
[    8.071468] systemd[1]: systemd-journald.service: Scheduled restart job, restart counter is at 1.
[    8.072310] systemd[1]: Created slice Slice /system/dirmngr.
[    8.072949] systemd[1]: Created slice Slice /system/getty.
[    8.073584] systemd[1]: Created slice Slice /system/gpg-agent.
[    8.074187] systemd[1]: Created slice Slice /system/gpg-agent-browser.
[    8.074807] systemd[1]: Created slice Slice /system/gpg-agent-extra.
[    8.075418] systemd[1]: Created slice Slice /system/gpg-agent-ssh.
[    8.076026] systemd[1]: Created slice Slice /system/keyboxd.
[    8.076720] systemd[1]: Created slice Slice /system/modprobe.
[    8.077400] systemd[1]: Created slice Slice /system/systemd-fsck.
[    8.078044] systemd[1]: Created slice Slice /system/systemd-zram-setup.
[    8.078544] systemd[1]: Created slice User and Session Slice.
[    8.078592] systemd[1]: Dispatch Password Requests to Console Directory Watch skipped, unmet condition check ConditionPathExists=!/run/plymouth/pid
[    8.078678] systemd[1]: Started Forward Password Requests to Wall Directory Watch.
[    8.078904] systemd[1]: Set up automount Arbitrary Executable File Formats File System Automount Point.
[    8.078945] systemd[1]: Expecting device /dev/disk/by-uuid/65AD-EF43...
[    8.078969] systemd[1]: Expecting device /dev/disk/by-uuid/8270346c-1d05-4eb6-9373-76497b9eff6b...
[    8.079010] systemd[1]: Expecting device /dev/zram0...
[    8.079049] systemd[1]: Reached target Login Prompts.
[    8.079088] systemd[1]: Reached target Image Downloads.
[    8.079127] systemd[1]: Stopped target Switch Root.
[    8.079164] systemd[1]: Stopped target Initrd File Systems.
[    8.079194] systemd[1]: Stopped target Initrd Root File System.
[    8.079236] systemd[1]: Reached target Local Integrity Protected Volumes.
[    8.079302] systemd[1]: Reached target Remote File Systems.
[    8.079359] systemd[1]: Reached target Slice Units.
[    8.079428] systemd[1]: Reached target Local Verity Protected Volumes.
[    8.079566] systemd[1]: Listening on Device-mapper event daemon FIFOs.
[    8.079724] systemd[1]: Listening on LVM2 poll daemon socket.
[    8.080911] systemd[1]: Listening on Query the User Interactively for a Password.
[    8.082192] systemd[1]: Listening on Process Core Dump Socket.
[    8.083026] systemd[1]: Listening on Credential Encryption/Decryption.
[    8.084183] systemd[1]: Listening on Factory Reset Management.
[    8.084302] systemd[1]: Listening on Hostname Service Socket.
[    8.085497] systemd[1]: Listening on Console Output Muting Service Socket.
[    8.085589] systemd[1]: TPM PCR Measurements skipped, unmet condition check ConditionSecurity=measured-os
[    8.085611] systemd[1]: Make TPM PCR Policy skipped, unmet condition check ConditionSecurity=measured-uki
[    8.086422] systemd[1]: Listening on Disk Repartitioning Service Socket.
[    8.086560] systemd[1]: Listening on Resolve Monitor Varlink Socket.
[    8.086668] systemd[1]: Listening on Resolve Service Varlink Socket.
[    8.087801] systemd[1]: Listening on Simple Block Device Backed Storage Provider.
[    8.088978] systemd[1]: Listening on Simple File System Backed Storage Provider.
[    8.089099] systemd[1]: Listening on udev Control Socket.
[    8.089221] systemd[1]: Listening on udev Varlink Socket.
[    8.089358] systemd[1]: Listening on User Database Manager Socket.
[    8.090991] systemd[1]: Mounting Huge Pages File System...
[    8.091973] systemd[1]: Mounting POSIX Message Queue File System...
[    8.093090] systemd[1]: Mounting Kernel Debug File System...
[    8.094200] systemd[1]: Mounting Kernel Trace File System...
[    8.103442] systemd[1]: Starting Create List of Static Device Nodes...
[    8.104933] systemd[1]: Starting Monitoring of LVM2 mirrors, snapshots etc. using dmeventd or progress polling...
[    8.105018] systemd[1]: Load Kernel Module configfs skipped, unmet condition check ConditionKernelModuleLoaded=!configfs
[    8.107049] systemd[1]: Mounting Kernel Configuration File System...
[    8.107147] systemd[1]: Load Kernel Module drm skipped, unmet condition check ConditionKernelModuleLoaded=!drm
[    8.107210] systemd[1]: Load Kernel Module fuse skipped, unmet condition check ConditionKernelModuleLoaded=!fuse
[    8.108598] systemd[1]: Mounting FUSE Control File System...
[    8.108696] systemd[1]: plymouth-switch-root.service: Deactivated successfully.
[    8.108743] systemd[1]: Stopped Plymouth switch root service.
[    8.108901] systemd[1]: Clear Stale Hibernate Storage Info skipped, unmet condition check ConditionPathExists=/sys/firmware/efi/efivars/HibernateLocation-8cf2644b-4b0b-428f-9387-6d876050dc67
[    8.112550] systemd[1]: Starting Journal Service...
[    8.115962] systemd[1]: Starting Load Kernel Modules...
[    8.116037] systemd[1]: TPM PCR Machine ID Measurement skipped, unmet condition check ConditionSecurity=measured-os
[    8.116095] systemd[1]: TPM PCR OS Separator skipped, unmet condition check ConditionSecurity=measured-os
[    8.117762] systemd[1]: Starting Remount Root and Kernel File Systems...
[    8.117891] systemd[1]: Early TPM SRK Setup skipped, unmet condition check ConditionSecurity=measured-os
[    8.117935] systemd[1]: TPM PCR NvPCR Initialization Separator skipped, unmet condition check ConditionPathExists=/etc/initrd-release
[    8.117979] systemd[1]: Reached target Local Encrypted Volumes.
[    8.118030] systemd[1]: TPM NvPCR Product ID Measurement skipped, unmet condition check ConditionSecurity=measured-os
[    8.119726] systemd[1]: Starting Load udev Rules from Credentials...
[    8.121310] systemd[1]: Starting Coldplug All udev Devices...
[    8.125930] systemd[1]: Mounted Huge Pages File System.
[    8.126175] systemd[1]: Mounted POSIX Message Queue File System.
[    8.126391] systemd[1]: Mounted Kernel Debug File System.
[    8.126576] systemd[1]: Mounted Kernel Trace File System.
[    8.127288] systemd[1]: Finished Create List of Static Device Nodes.
[    8.127610] systemd[1]: Mounted Kernel Configuration File System.
[    8.127795] systemd[1]: Mounted FUSE Control File System.
[    8.129670] systemd[1]: Starting Create Static Device Nodes in /dev gracefully...
[    8.135145] systemd[1]: Finished Load udev Rules from Credentials.
[    8.138452] systemd-journald[318]: Collecting audit messages is disabled.
[    8.138561] i2c_dev: i2c /dev entries driver
[    8.142336] BTRFS info (device nvme0n1p2 state M): use zstd compression, level 1
[    8.142715] Asymmetric key parser 'pkcs8' registered
[    8.144151] systemd[1]: Finished Remount Root and Kernel File Systems.
[    8.144757] systemd[1]: Rebuild Hardware Database skipped, no trigger condition checks were met.
[    8.146016] systemd[1]: Starting Load/Save OS Random Seed...
[    8.146081] systemd[1]: TPM SRK Setup skipped, unmet condition check ConditionSecurity=measured-os
[    8.146131] device-mapper: uevent: version 1.0.3
[    8.146278] device-mapper: ioctl: 4.50.0-ioctl (2025-04-28) initialised: <email-address-redacted>
[    8.146824] systemd[1]: Finished Load Kernel Modules.
[    8.148481] systemd[1]: Starting Apply Kernel Variables...
[    8.149195] systemd[1]: Started Journal Service.
[    9.401804] zram0: detected capacity change from 0 to 28405760
[    9.576663] Adding 14202876k swap on /dev/zram0.  Priority:100 extents:1 across:14202876k SSDsc
[    9.597872] mousedev: PS/2 mouse device common for all mice
[    9.603202] Bluetooth: Core ver 2.22
[    9.603244] NET: Registered PF_BLUETOOTH protocol family
[    9.603246] Bluetooth: HCI device and connection manager initialized
[    9.603260] Bluetooth: HCI socket layer initialized
[    9.603266] Bluetooth: L2CAP socket layer initialized
[    9.603273] Bluetooth: SCO socket layer initialized
[    9.667577] ccp 0000:09:00.2: ccp enabled
[    9.669102] ccp 0000:09:00.2: tee enabled
[    9.669297] ccp 0000:09:00.2: psp enabled
[    9.679269] piix4_smbus 0000:00:14.0: SMBus Host Controller at 0xb00, revision 0
[    9.679277] piix4_smbus 0000:00:14.0: Using register 0x02 for SMBus port selection
[    9.683854] mc: Linux media interface: v0.10
[    9.686112] i2c i2c-4: Successfully instantiated SPD at 0x52
[    9.688619] i2c i2c-4: Successfully instantiated SPD at 0x53
[    9.689240] piix4_smbus 0000:00:14.0: Auxiliary SMBus Host Controller at 0xb20
[    9.697469] input: PC Speaker as /devices/platform/pcspkr/input/input8
[    9.700846] acpi_cpufreq: overriding BIOS provided _PSD data
[    9.711113] videodev: Linux video capture interface: v2.00
[    9.711788] RAPL PMU: API unit is 2^-32 Joules, 2 fixed counters, 163840 ms ovfl timer
[    9.711796] RAPL PMU: hw unit of domain package 2^-16 Joules
[    9.711864] RAPL PMU: hw unit of domain core 2^-16 Joules
[    9.714716] usbcore: registered new interface driver btusb
[    9.736515] asus_wmi: failed to register LPS0 sleep handler in asus-wmi
[    9.736863] asus_wmi: Initialization: 0x0
[    9.736917] asus_wmi: BIOS WMI version: 0.9
[    9.737363] asus_wmi: SFUN value: 0x0
[    9.737369] eeepc-wmi eeepc-wmi: Detected ASUSWMI, use DCTS
[    9.740566] r8169 0000:07:00.0 eth0: RTL8168h/8111h, <mac-address-redacted>, XID 541, IRQ 79
[    9.740574] r8169 0000:07:00.0 eth0: jumbo features [frames: 9194 bytes, tx checksumming: ko]
[    9.742644] input: Eee PC WMI hotkeys as /devices/platform/eeepc-wmi/input/input9
[    9.747892] Bluetooth: hci0: CSR: Setting up dongle with HCI ver=6 rev=22bb
[    9.747898] Bluetooth: hci0: LMP ver=6 subver=22bb; manufacturer=10
[    9.807748] snd_hda_intel 0000:09:00.1: Handle vga_switcheroo audio client
[    9.853501] r8169 0000:07:00.0 enp7s0: renamed from eth0
[    9.867972] ee1004 4-0052: 512 byte EE1004-compliant SPD EEPROM, read-only
[    9.869306] snd_hda_intel 0000:09:00.1: bound 0000:09:00.0 (ops amdgpu_dm_audio_component_bind_ops [amdgpu])
[    9.869992] ee1004 4-0053: 512 byte EE1004-compliant SPD EEPROM, read-only
[    9.871744] input: HD-Audio Generic HDMI/DP,pcm=3 as /devices/pci0000:00/0000:00:08.1/0000:09:00.1/sound/card0/input10
[    9.880345] kvm_amd: TSC scaling supported
[    9.880350] kvm_amd: Nested Virtualization enabled
[    9.880353] kvm_amd: Nested Paging enabled
[    9.880356] kvm_amd: LBR virtualization supported
[    9.880362] kvm_amd: SEV disabled (ASIDs 0 - 15)
[    9.880365] kvm_amd: SEV-ES disabled (ASIDs 1 - 4294967295)
[    9.880367] kvm_amd: Virtual VMLOAD VMSAVE supported
[    9.880369] kvm_amd: Virtual GIF supported
[    9.881006] snd_hda_codec_alc662 hdaudioC1D0: autoconfig for ALC897: line_outs=1 (0x14/0x0/0x0/0x0/0x0) type:line
[    9.881013] snd_hda_codec_alc662 hdaudioC1D0:    speaker_outs=0 (0x0/0x0/0x0/0x0/0x0)
[    9.881016] snd_hda_codec_alc662 hdaudioC1D0:    hp_outs=1 (0x1b/0x0/0x0/0x0/0x0)
[    9.881021] snd_hda_codec_alc662 hdaudioC1D0:    mono: mono_out=0x0
[    9.881024] snd_hda_codec_alc662 hdaudioC1D0:    dig-out=0x11/0x0
[    9.881026] snd_hda_codec_alc662 hdaudioC1D0:    inputs:
[    9.881030] snd_hda_codec_alc662 hdaudioC1D0:      Rear Mic=0x18
[    9.881033] snd_hda_codec_alc662 hdaudioC1D0:      Front Mic=0x19
[    9.881036] snd_hda_codec_alc662 hdaudioC1D0:      Line=0x1a
[    9.901873] input: HD-Audio Generic Rear Mic as /devices/pci0000:00/0000:00:08.1/0000:09:00.6/sound/card1/input11
[    9.901957] input: HD-Audio Generic Front Mic as /devices/pci0000:00/0000:00:08.1/0000:09:00.6/sound/card1/input12
[    9.902022] input: HD-Audio Generic Line as /devices/pci0000:00/0000:00:08.1/0000:09:00.6/sound/card1/input13
[    9.902094] input: HD-Audio Generic Line Out as /devices/pci0000:00/0000:00:08.1/0000:09:00.6/sound/card1/input14
[    9.902184] input: HD-Audio Generic Front Headphone as /devices/pci0000:00/0000:00:08.1/0000:09:00.6/sound/card1/input15
[    9.942189] intel_rapl_common: Found RAPL domain package
[    9.942194] intel_rapl_common: Found RAPL domain core
[    9.947582] amd_atl: AMD Address Translation Library initialized
[    9.991581] usb 3-2: set resolution quirk: cval->res = 384
[    9.991821] usbcore: registered new interface driver snd-usb-audio
[    9.991850] uvcvideo 3-2:1.0: Found UVC 1.00 device C270 HD WEBCAM (046d:0825)
[   10.026010] usbcore: registered new interface driver uvcvideo
[   10.121402] systemd-journald[318]: Received client request to flush runtime journal.
[   12.149445] Bluetooth: BNEP (Ethernet Emulation) ver 1.3
[   12.149451] Bluetooth: BNEP filters: protocol multicast
[   12.149459] Bluetooth: BNEP socket layer initialized
[   12.151070] Bluetooth: MGMT ver 1.23
[   12.159077] NET: Registered PF_ALG protocol family
[   12.234353] Generic FE-GE Realtek PHY r8169-0-700:00: attached PHY driver (mii_bus:phy_addr=r8169-0-700:00, irq=MAC)
[   12.369466] r8169 0000:07:00.0 enp7s0: Link is Down
[   14.035424] usb 3-2: reset high-speed USB device number 2 using xhci_hcd
[   14.716476] Bluetooth: RFCOMM TTY layer initialized
[   14.716484] Bluetooth: RFCOMM socket layer initialized
[   14.716491] Bluetooth: RFCOMM ver 1.11
[   15.943531] r8169 0000:07:00.0 enp7s0: Link is Up - 1Gbps/Full - flow control rx/tx
[   16.764597] [UFW BLOCK] IN=enp7s0 OUT= MAC=<mac-address-redacted>:<mac-address-redacted>:08:00 SRC=<ipv4-redacted> DST=<ipv4-redacted> LEN=32 TOS=0x00 PREC=0xC0 TTL=1 ID=0 DF PROTO=2 
[   17.860171] [UFW BLOCK] IN=enp7s0 OUT= MAC= SRC=fe80:0000:0000:0000:1183:b7da:c623:032b DST=ff02:0000:0000:0000:0000:0000:0001:0003 LEN=80 TC=0 HOPLIMIT=255 FLOWLBL=165339 PROTO=UDP SPT=5355 DPT=5355 LEN=40 
[   17.998209] [UFW BLOCK] IN=enp7s0 OUT= MAC= SRC=fe80:0000:0000:0000:1183:b7da:c623:032b DST=ff02:0000:0000:0000:0000:0000:0001:0003 LEN=80 TC=0 HOPLIMIT=255 FLOWLBL=165339 PROTO=UDP SPT=5355 DPT=5355 LEN=40 
[   18.213696] [UFW BLOCK] IN=enp7s0 OUT= MAC= SRC=fe80:0000:0000:0000:1183:b7da:c623:032b DST=ff02:0000:0000:0000:0000:0000:0001:0003 LEN=80 TC=0 HOPLIMIT=255 FLOWLBL=165339 PROTO=UDP SPT=5355 DPT=5355 LEN=40 
[   18.425208] [UFW BLOCK] IN=enp7s0 OUT= MAC= SRC=<ipv4-redacted> DST=<ipv4-redacted> LEN=60 TOS=0x00 PREC=0x00 TTL=255 ID=48243 PROTO=UDP SPT=5355 DPT=5355 LEN=40 
[   18.615861] Initializing XFRM netlink socket
[   18.645217] bridge: filtering via arp/ip/ip6tables is no longer available by default. Update your scripts to load br_netfilter if you need this.
[   18.646234] [UFW BLOCK] IN=enp7s0 OUT= MAC= SRC=<ipv4-redacted> DST=<ipv4-redacted> LEN=60 TOS=0x00 PREC=0x00 TTL=255 ID=48251 PROTO=UDP SPT=5355 DPT=5355 LEN=40 
[   18.897035] [UFW BLOCK] IN=enp7s0 OUT= MAC= SRC=<ipv4-redacted> DST=<ipv4-redacted> LEN=60 TOS=0x00 PREC=0x00 TTL=255 ID=48428 PROTO=UDP SPT=5355 DPT=5355 LEN=40 
[   22.020405] usb 3-2: reset high-speed USB device number 2 using xhci_hcd
[  142.450856] [UFW BLOCK] IN=enp7s0 OUT= MAC=<mac-address-redacted>:<mac-address-redacted>:08:00 SRC=<ipv4-redacted> DST=<ipv4-redacted> LEN=32 TOS=0x00 PREC=0xC0 TTL=1 ID=0 DF PROTO=2 
[  186.239593] [UFW BLOCK] IN=enp7s0 OUT= MAC=<mac-address-redacted>:<mac-address-redacted>:08:00 SRC=<ipv4-redacted> DST=<ipv4-redacted> LEN=32 TOS=0x00 PREC=0x00 TTL=1 ID=13380 PROTO=2 
[  237.520572] [UFW BLOCK] IN=enp7s0 OUT= MAC=<mac-address-redacted>:<mac-address-redacted>:08:00 SRC=<ipv4-redacted> DST=<ipv4-redacted> LEN=32 TOS=0x00 PREC=0x00 TTL=1 ID=10089 PROTO=2 
[  267.893264] [UFW BLOCK] IN=enp7s0 OUT= MAC=<mac-address-redacted>:<mac-address-redacted>:08:00 SRC=<ipv4-redacted> DST=<ipv4-redacted> LEN=32 TOS=0x00 PREC=0xC0 TTL=1 ID=0 DF PROTO=2 
[  355.334766] [UFW BLOCK] IN=enp7s0 OUT= MAC=<mac-address-redacted>:<mac-address-redacted>:08:00 SRC=<ipv4-redacted> DST=<ipv4-redacted> LEN=32 TOS=0x00 PREC=0x00 TTL=1 ID=30604 PROTO=2 
[  365.618189] [UFW BLOCK] IN=enp7s0 OUT= MAC=<mac-address-redacted>:<mac-address-redacted>:08:00 SRC=<ipv4-redacted> DST=<ipv4-redacted> LEN=32 TOS=0x00 PREC=0x00 TTL=1 ID=15722 PROTO=2 
[  393.333613] [UFW BLOCK] IN=enp7s0 OUT= MAC=<mac-address-redacted>:<mac-address-redacted>:08:00 SRC=<ipv4-redacted> DST=<ipv4-redacted> LEN=32 TOS=0x00 PREC=0xC0 TTL=1 ID=0 DF PROTO=2 
[  518.777407] [UFW BLOCK] IN=enp7s0 OUT= MAC=<mac-address-redacted>:<mac-address-redacted>:08:00 SRC=<ipv4-redacted> DST=<ipv4-redacted> LEN=32 TOS=0x00 PREC=0xC0 TTL=1 ID=0 DF PROTO=2 
[  549.747390] [UFW BLOCK] IN=enp7s0 OUT= MAC=<mac-address-redacted>:<mac-address-redacted>:08:00 SRC=<ipv4-redacted> DST=<ipv4-redacted> LEN=32 TOS=0x00 PREC=0x00 TTL=1 ID=46920 PROTO=2 
[  606.076978] [UFW BLOCK] IN=enp7s0 OUT= MAC=<mac-address-redacted>:<mac-address-redacted>:08:00 SRC=<ipv4-redacted> DST=<ipv4-redacted> LEN=32 TOS=0x00 PREC=0xC0 TTL=1 ID=0 DF PROTO=2 
[  615.774530] [UFW BLOCK] IN=enp7s0 OUT= MAC=<mac-address-redacted>:<mac-address-redacted>:08:00 SRC=<ipv4-redacted> DST=<ipv4-redacted> LEN=32 TOS=0x00 PREC=0xC0 TTL=1 ID=0 DF PROTO=2 
[  644.215341] [UFW BLOCK] IN=enp7s0 OUT= MAC=<mac-address-redacted>:<mac-address-redacted>:08:00 SRC=<ipv4-redacted> DST=<ipv4-redacted> LEN=32 TOS=0x00 PREC=0xC0 TTL=1 ID=0 DF PROTO=2 
[  769.656848] [UFW BLOCK] IN=enp7s0 OUT= MAC=<mac-address-redacted>:<mac-address-redacted>:08:00 SRC=<ipv4-redacted> DST=<ipv4-redacted> LEN=32 TOS=0x00 PREC=0xC0 TTL=1 ID=0 DF PROTO=2 
[  895.099744] [UFW BLOCK] IN=enp7s0 OUT= MAC=<mac-address-redacted>:<mac-address-redacted>:08:00 SRC=<ipv4-redacted> DST=<ipv4-redacted> LEN=32 TOS=0x00 PREC=0xC0 TTL=1 ID=0 DF PROTO=2 
[ 1020.541984] [UFW BLOCK] IN=enp7s0 OUT= MAC=<mac-address-redacted>:<mac-address-redacted>:08:00 SRC=<ipv4-redacted> DST=<ipv4-redacted> LEN=32 TOS=0x00 PREC=0xC0 TTL=1 ID=0 DF PROTO=2 
[ 1021.214016] [UFW BLOCK] IN=enp7s0 OUT= MAC=<mac-address-redacted>:<mac-address-redacted>:08:00 SRC=<ipv4-redacted> DST=<ipv4-redacted> LEN=32 TOS=0x00 PREC=0xC0 TTL=1 ID=0 DF PROTO=2 
[ 1145.980518] [UFW BLOCK] IN=enp7s0 OUT= MAC=<mac-address-redacted>:<mac-address-redacted>:08:00 SRC=<ipv4-redacted> DST=<ipv4-redacted> LEN=32 TOS=0x00 PREC=0xC0 TTL=1 ID=0 DF PROTO=2 
[ 1152.106810] [UFW BLOCK] IN=enp7s0 OUT= MAC=<mac-address-redacted>:<mac-address-redacted>:08:00 SRC=<ipv4-redacted> DST=<ipv4-redacted> LEN=32 TOS=0x00 PREC=0xC0 TTL=1 ID=0 DF PROTO=2 
[ 1156.837938] [UFW BLOCK] IN=enp7s0 OUT= MAC=<mac-address-redacted>:<mac-address-redacted>:08:00 SRC=<ipv4-redacted> DST=<ipv4-redacted> LEN=32 TOS=0x00 PREC=0x00 TTL=1 ID=13996 PROTO=2 
[ 1162.329887] [UFW BLOCK] IN=enp7s0 OUT= MAC=<mac-address-redacted>:<mac-address-redacted>:08:00 SRC=<ipv4-redacted> DST=<ipv4-redacted> LEN=32 TOS=0x00 PREC=0x00 TTL=1 ID=15191 PROTO=2 
[ 1271.420802] [UFW BLOCK] IN=enp7s0 OUT= MAC=<mac-address-redacted>:<mac-address-redacted>:08:00 SRC=<ipv4-redacted> DST=<ipv4-redacted> LEN=32 TOS=0x00 PREC=0xC0 TTL=1 ID=0 DF PROTO=2 
[ 1274.105556] [UFW BLOCK] IN=enp7s0 OUT= MAC=<mac-address-redacted>:<mac-address-redacted>:08:00 SRC=<ipv4-redacted> DST=<ipv4-redacted> LEN=32 TOS=0x00 PREC=0xC0 TTL=1 ID=0 DF PROTO=2 
[ 1396.862057] [UFW BLOCK] IN=enp7s0 OUT= MAC=<mac-address-redacted>:<mac-address-redacted>:08:00 SRC=<ipv4-redacted> DST=<ipv4-redacted> LEN=32 TOS=0x00 PREC=0xC0 TTL=1 ID=0 DF PROTO=2 
[ 1522.303264] [UFW BLOCK] IN=enp7s0 OUT= MAC=<mac-address-redacted>:<mac-address-redacted>:08:00 SRC=<ipv4-redacted> DST=<ipv4-redacted> LEN=32 TOS=0x00 PREC=0xC0 TTL=1 ID=0 DF PROTO=2 
[ 1647.745215] [UFW BLOCK] IN=enp7s0 OUT= MAC=<mac-address-redacted>:<mac-address-redacted>:08:00 SRC=<ipv4-redacted> DST=<ipv4-redacted> LEN=32 TOS=0x00 PREC=0xC0 TTL=1 ID=0 DF PROTO=2 
[ 1650.573138] br-4300c3e53cda: port 1(veth6b5a926) entered blocking state
[ 1650.573146] br-4300c3e53cda: port 1(veth6b5a926) entered disabled state
[ 1650.573157] veth6b5a926: entered allmulticast mode
[ 1650.573243] veth6b5a926: entered promiscuous mode
[ 1650.594127] br-4300c3e53cda: port 2(veth9f5f292) entered blocking state
[ 1650.594137] br-4300c3e53cda: port 2(veth9f5f292) entered disabled state
[ 1650.594157] veth9f5f292: entered allmulticast mode
[ 1650.594497] veth9f5f292: entered promiscuous mode
[ 1650.615428] eth0: renamed from veth3ed8fc7
[ 1650.615965] br-4300c3e53cda: port 1(veth6b5a926) entered blocking state
[ 1650.615973] br-4300c3e53cda: port 1(veth6b5a926) entered forwarding state
[ 1650.629350] eth0: renamed from vethaabebf4
[ 1650.629981] br-4300c3e53cda: port 2(veth9f5f292) entered blocking state
[ 1650.629987] br-4300c3e53cda: port 2(veth9f5f292) entered forwarding state
[ 1650.723448] [UFW BLOCK] IN=br-4300c3e53cda OUT= MAC= SRC=<ipv4-redacted> DST=<ipv4-redacted> LEN=60 TOS=0x00 PREC=0x00 TTL=255 ID=62213 PROTO=UDP SPT=5355 DPT=5355 LEN=40 
[ 1650.973458] [UFW BLOCK] IN=br-4300c3e53cda OUT= MAC= SRC=<ipv4-redacted> DST=<ipv4-redacted> LEN=60 TOS=0x00 PREC=0x00 TTL=255 ID=62423 PROTO=UDP SPT=5355 DPT=5355 LEN=40 
[ 1651.223348] [UFW BLOCK] IN=br-4300c3e53cda OUT= MAC= SRC=<ipv4-redacted> DST=<ipv4-redacted> LEN=60 TOS=0x00 PREC=0x00 TTL=255 ID=62638 PROTO=UDP SPT=5355 DPT=5355 LEN=40 
[ 1651.806888] [UFW BLOCK] IN=br-4300c3e53cda OUT= MAC= SRC=fe80:0000:0000:0000:8079:3fff:fef4:73cd DST=ff02:0000:0000:0000:0000:0000:0001:0003 LEN=80 TC=0 HOPLIMIT=255 FLOWLBL=222345 PROTO=UDP SPT=5355 DPT=5355 LEN=40 
[ 1651.938060] [UFW BLOCK] IN=br-4300c3e53cda OUT= MAC= SRC=fe80:0000:0000:0000:8079:3fff:fef4:73cd DST=ff02:0000:0000:0000:0000:0000:0001:0003 LEN=80 TC=0 HOPLIMIT=255 FLOWLBL=222345 PROTO=UDP SPT=5355 DPT=5355 LEN=40 
[ 1652.188379] [UFW BLOCK] IN=veth9f5f292 OUT= MAC= SRC=fe80:0000:0000:0000:aced:5aff:fedb:8407 DST=ff02:0000:0000:0000:0000:0000:0001:0003 LEN=80 TC=0 HOPLIMIT=255 FLOWLBL=132833 PROTO=UDP SPT=5355 DPT=5355 LEN=40 
[ 1652.188424] [UFW BLOCK] IN=br-4300c3e53cda OUT= MAC= SRC=fe80:0000:0000:0000:8079:3fff:fef4:73cd DST=ff02:0000:0000:0000:0000:0000:0001:0003 LEN=80 TC=0 HOPLIMIT=255 FLOWLBL=222345 PROTO=UDP SPT=5355 DPT=5355 LEN=40 
[ 1652.319936] [UFW BLOCK] IN=veth6b5a926 OUT= MAC= SRC=fe80:0000:0000:0000:ec06:79ff:fe08:c9fb DST=ff02:0000:0000:0000:0000:0000:0001:0003 LEN=80 TC=0 HOPLIMIT=255 FLOWLBL=362829 PROTO=UDP SPT=5355 DPT=5355 LEN=40 
[ 1652.319987] [UFW BLOCK] IN=veth9f5f292 OUT= MAC= SRC=fe80:0000:0000:0000:aced:5aff:fedb:8407 DST=ff02:0000:0000:0000:0000:0000:0001:0003 LEN=80 TC=0 HOPLIMIT=255 FLOWLBL=132833 PROTO=UDP SPT=5355 DPT=5355 LEN=40 
[ 1652.439991] [UFW BLOCK] IN=veth6b5a926 OUT= MAC= SRC=fe80:0000:0000:0000:ec06:79ff:fe08:c9fb DST=ff02:0000:0000:0000:0000:0000:0001:0003 LEN=80 TC=0 HOPLIMIT=255 FLOWLBL=362829 PROTO=UDP SPT=5355 DPT=5355 LEN=40 
[ 1652.572406] [UFW BLOCK] IN=veth9f5f292 OUT= MAC= SRC=fe80:0000:0000:0000:aced:5aff:fedb:8407 DST=ff02:0000:0000:0000:0000:0000:0001:0003 LEN=80 TC=0 HOPLIMIT=255 FLOWLBL=132833 PROTO=UDP SPT=5355 DPT=5355 LEN=40 
[ 1652.700168] [UFW BLOCK] IN=veth6b5a926 OUT= MAC= SRC=fe80:0000:0000:0000:ec06:79ff:fe08:c9fb DST=ff02:0000:0000:0000:0000:0000:0001:0003 LEN=80 TC=0 HOPLIMIT=255 FLOWLBL=362829 PROTO=UDP SPT=5355 DPT=5355 LEN=40 
[ 1765.244317] [UFW BLOCK] IN=enp7s0 OUT= MAC=<mac-address-redacted>:<mac-address-redacted>:08:00 SRC=<ipv4-redacted> DST=<ipv4-redacted> LEN=32 TOS=0x00 PREC=0x00 TTL=1 ID=59588 PROTO=2 
[ 1773.187403] [UFW BLOCK] IN=enp7s0 OUT= MAC=<mac-address-redacted>:<mac-address-redacted>:08:00 SRC=<ipv4-redacted> DST=<ipv4-redacted> LEN=32 TOS=0x00 PREC=0xC0 TTL=1 ID=0 DF PROTO=2 
[ 1898.629741] [UFW BLOCK] IN=enp7s0 OUT= MAC=<mac-address-redacted>:<mac-address-redacted>:08:00 SRC=<ipv4-redacted> DST=<ipv4-redacted> LEN=32 TOS=0x00 PREC=0xC0 TTL=1 ID=0 DF PROTO=2 
[ 2024.072275] [UFW BLOCK] IN=enp7s0 OUT= MAC=<mac-address-redacted>:<mac-address-redacted>:08:00 SRC=<ipv4-redacted> DST=<ipv4-redacted> LEN=32 TOS=0x00 PREC=0xC0 TTL=1 ID=0 DF PROTO=2 
[ 2149.510420] [UFW BLOCK] IN=enp7s0 OUT= MAC=<mac-address-redacted>:<mac-address-redacted>:08:00 SRC=<ipv4-redacted> DST=<ipv4-redacted> LEN=32 TOS=0x00 PREC=0xC0 TTL=1 ID=0 DF PROTO=2 
[ 2274.947945] [UFW BLOCK] IN=enp7s0 OUT= MAC=<mac-address-redacted>:<mac-address-redacted>:08:00 SRC=<ipv4-redacted> DST=<ipv4-redacted> LEN=32 TOS=0x00 PREC=0xC0 TTL=1 ID=0 DF PROTO=2 
[ 2370.339182] [UFW BLOCK] IN=enp7s0 OUT= MAC=<mac-address-redacted>:<mac-address-redacted>:08:00 SRC=<ipv4-redacted> DST=<ipv4-redacted> LEN=32 TOS=0x00 PREC=0x00 TTL=1 ID=39364 PROTO=2 
[ 2395.570985] [UFW BLOCK] IN=enp7s0 OUT= MAC=<mac-address-redacted>:<mac-address-redacted>:08:00 SRC=<ipv4-redacted> DST=<ipv4-redacted> LEN=32 TOS=0x00 PREC=0x00 TTL=1 ID=62939 PROTO=2 
[ 2400.386833] [UFW BLOCK] IN=enp7s0 OUT= MAC=<mac-address-redacted>:<mac-address-redacted>:08:00 SRC=<ipv4-redacted> DST=<ipv4-redacted> LEN=32 TOS=0x00 PREC=0xC0 TTL=1 ID=0 DF PROTO=2 
[ 2525.826010] [UFW BLOCK] IN=enp7s0 OUT= MAC=<mac-address-redacted>:<mac-address-redacted>:08:00 SRC=<ipv4-redacted> DST=<ipv4-redacted> LEN=32 TOS=0x00 PREC=0xC0 TTL=1 ID=0 DF PROTO=2 
[ 2603.568274] input: WH-1000XM4 (AVRCP) as /devices/virtual/input/input16
[ 2604.820443] Bluetooth: hci0: SCO packet for unknown connection handle 70
[ 2604.820450] Bluetooth: hci0: SCO packet for unknown connection handle 70
[ 2604.820453] Bluetooth: hci0: SCO packet for unknown connection handle 70
[ 2607.629391] usb 3-2: reset high-speed USB device number 2 using xhci_hcd
[ 2651.265589] [UFW BLOCK] IN=enp7s0 OUT= MAC=<mac-address-redacted>:<mac-address-redacted>:08:00 SRC=<ipv4-redacted> DST=<ipv4-redacted> LEN=32 TOS=0x00 PREC=0xC0 TTL=1 ID=0 DF PROTO=2 
[ 2686.077409] usb 3-2: reset high-speed USB device number 2 using xhci_hcd
[ 2776.706031] [UFW BLOCK] IN=enp7s0 OUT= MAC=<mac-address-redacted>:<mac-address-redacted>:08:00 SRC=<ipv4-redacted> DST=<ipv4-redacted> LEN=32 TOS=0x00 PREC=0xC0 TTL=1 ID=0 DF PROTO=2 
[ 2878.567481] usb 1-5: USB disconnect, device number 4
[ 2879.093365] usb 1-5: new full-speed USB device number 5 using xhci_hcd
[ 2879.294740] usb 1-5: device descriptor read/64, error -71
[ 2879.577709] usb 1-5: device descriptor read/64, error -71
[ 2879.857392] usb 1-5: new full-speed USB device number 6 using xhci_hcd
[ 2880.058448] usb 1-5: device descriptor read/64, error -71
[ 2880.337487] usb 1-5: device descriptor read/64, error -71
[ 2880.444690] usb usb1-port5: attempt power cycle
[ 2880.885471] usb 1-5: new full-speed USB device number 7 using xhci_hcd
[ 2880.912320] usb 1-5: Device not responding to setup address.
[ 2881.122772] usb 1-5: Device not responding to setup address.
[ 2881.330375] usb 1-5: device not accepting address 7, error -71
[ 2881.330499] usb 1-5: WARN: invalid context state for evaluate context command.
[ 2893.077443] usb 1-2.1: new full-speed USB device number 9 using xhci_hcd
[ 2893.190466] usb 1-2.1: device descriptor read/64, error -32
[ 2893.384630] usb 1-2.1: device descriptor read/64, error -32
[ 2893.575390] usb 1-2.1: new full-speed USB device number 10 using xhci_hcd
[ 2893.872615] usb 1-2.1: New USB device found, idVendor=0a12, idProduct=0001, bcdDevice=88.91
[ 2893.872630] usb 1-2.1: New USB device strings: Mfr=0, Product=0, SerialNumber=0
[ 2893.893981] Bluetooth: hci0: unexpected event for opcode 0x0000
[ 2893.896997] Bluetooth: hci0: CSR: Setting up dongle with HCI ver=6 rev=22bb
[ 2893.897006] Bluetooth: hci0: LMP ver=6 subver=22bb; manufacturer=10
[ 2894.213306] Bluetooth: MGMT ver 1.23
[ 2902.058683] input: WH-1000XM4 (AVRCP) as /devices/virtual/input/input17
[ 2902.146658] [UFW BLOCK] IN=enp7s0 OUT= MAC=<mac-address-redacted>:<mac-address-redacted>:08:00 SRC=<ipv4-redacted> DST=<ipv4-redacted> LEN=32 TOS=0x00 PREC=0xC0 TTL=1 ID=0 DF PROTO=2 
[ 2996.887948] [UFW BLOCK] IN=enp7s0 OUT= MAC=<mac-address-redacted>:<mac-address-redacted>:08:00 SRC=<ipv4-redacted> DST=<ipv4-redacted> LEN=32 TOS=0x00 PREC=0x00 TTL=1 ID=22996 PROTO=2 
[ 3011.127308] [UFW BLOCK] IN=enp7s0 OUT= MAC=<mac-address-redacted>:<mac-address-redacted>:08:00 SRC=<ipv4-redacted> DST=<ipv4-redacted> LEN=32 TOS=0x00 PREC=0x00 TTL=1 ID=32953 PROTO=2 
[ 3027.587743] [UFW BLOCK] IN=enp7s0 OUT= MAC=<mac-address-redacted>:<mac-address-redacted>:08:00 SRC=<ipv4-redacted> DST=<ipv4-redacted> LEN=32 TOS=0x00 PREC=0xC0 TTL=1 ID=0 DF PROTO=2 
[ 3079.122590] input: WH-1000XM4 (AVRCP) as /devices/virtual/input/input18
[ 3153.028584] [UFW BLOCK] IN=enp7s0 OUT= MAC=<mac-address-redacted>:<mac-address-redacted>:08:00 SRC=<ipv4-redacted> DST=<ipv4-redacted> LEN=32 TOS=0x00 PREC=0xC0 TTL=1 ID=0 DF PROTO=2 
[ 3278.469991] [UFW BLOCK] IN=enp7s0 OUT= MAC=<mac-address-redacted>:<mac-address-redacted>:08:00 SRC=<ipv4-redacted> DST=<ipv4-redacted> LEN=32 TOS=0x00 PREC=0xC0 TTL=1 ID=0 DF PROTO=2 
[ 3358.641372] input: WH-1000XM4 (AVRCP) as /devices/virtual/input/input19
[ 3381.911735] usb 1-2.1: USB disconnect, device number 10
[ 3403.912047] [UFW BLOCK] IN=enp7s0 OUT= MAC=<mac-address-redacted>:<mac-address-redacted>:08:00 SRC=<ipv4-redacted> DST=<ipv4-redacted> LEN=32 TOS=0x00 PREC=0xC0 TTL=1 ID=0 DF PROTO=2 
[ 3413.294885] usb 5-1: new full-speed USB device number 2 using xhci_hcd
[ 3413.408840] usb 5-1: device descriptor read/64, error -71
[ 3413.628446] usb 5-1: device descriptor read/64, error -71
[ 3413.842800] usb 5-1: new full-speed USB device number 3 using xhci_hcd
[ 3414.022895] usb 5-1: New USB device found, idVendor=0a12, idProduct=0001, bcdDevice=88.91
[ 3414.022904] usb 5-1: New USB device strings: Mfr=0, Product=0, SerialNumber=0
[ 3414.028905] Bluetooth: hci0: unexpected event for opcode 0x0000
[ 3414.030917] Bluetooth: hci0: CSR: Setting up dongle with HCI ver=6 rev=22bb
[ 3414.030924] Bluetooth: hci0: LMP ver=6 subver=22bb; manufacturer=10
[ 3414.258212] Bluetooth: MGMT ver 1.23
[ 3417.367624] input: WH-1000XM4 (AVRCP) as /devices/virtual/input/input20
[ 3529.352986] [UFW BLOCK] IN=enp7s0 OUT= MAC=<mac-address-redacted>:<mac-address-redacted>:08:00 SRC=<ipv4-redacted> DST=<ipv4-redacted> LEN=32 TOS=0x00 PREC=0xC0 TTL=1 ID=0 DF PROTO=2 
[ 3613.562276] [UFW BLOCK] IN=enp7s0 OUT= MAC=<mac-address-redacted>:<mac-address-redacted>:08:00 SRC=<ipv4-redacted> DST=<ipv4-redacted> LEN=32 TOS=0x00 PREC=0x00 TTL=1 ID=22488 PROTO=2 
[ 3654.794637] [UFW BLOCK] IN=enp7s0 OUT= MAC=<mac-address-redacted>:<mac-address-redacted>:08:00 SRC=<ipv4-redacted> DST=<ipv4-redacted> LEN=32 TOS=0x00 PREC=0xC0 TTL=1 ID=0 DF PROTO=2 

____________________________________________
journalctl of current boot

Thg 7 09 08:10:49 cachyos kernel:  #4 #5 #6 #7
Thg 7 09 08:10:49 cachyos kernel: VMSCAPE: SMT on, STIBP is required for full protection. See https://www.kernel.org/doc/html/latest/admin-guide/hw-vuln/vmscape.html for more details.
Thg 7 09 08:10:49 cachyos kernel: virt/tdx: TDX not supported by the host platform
Thg 7 09 08:10:49 cachyos kernel: clocksource: Marking clocksource tsc unstable due to frequency skew
Thg 7 09 08:10:49 cachyos kernel: clocksource: Watchdog                    hpet interval:        496414697ns
Thg 7 09 08:10:49 cachyos kernel: clocksource: Clocksource                  tsc interval:        495990906ns
Thg 7 09 08:10:49 cachyos kernel: TSC found unstable after boot, most likely due to broken BIOS. Use 'tsc=unstable'.
Thg 7 09 08:10:53 cachyos kernel: amdgpu 0000:09:00.0: psp gfx command LOAD_TA(0x1) failed and response status is (0x7)
Thg 7 09 08:10:53 cachyos kernel: amdgpu 0000:09:00.0: [drm] Failed to setup vendor infoframe on connector HDMI-A-1: -22
Thg 7 09 08:10:56 <hostname-redacted> kernel: asus_wmi: failed to register LPS0 sleep handler in asus-wmi
Thg 7 09 08:10:59 <hostname-redacted> bluetoothd[594]: src/main.c:check_options() Unknown key MinFixedChannelSize for group BR in /etc/bluetooth/main.conf
Thg 7 09 08:10:59 <hostname-redacted> avahi-daemon[593]: *** WARNING: Detected another IPv4 mDNS stack running on this host. This makes mDNS unreliable and is thus not recommended. ***
Thg 7 09 08:10:59 <hostname-redacted> avahi-daemon[593]: *** WARNING: Detected another IPv6 mDNS stack running on this host. This makes mDNS unreliable and is thus not recommended. ***
Thg 7 09 08:10:59 <hostname-redacted> dbus-broker-launch[588]: Activation request for 'org.freedesktop.home1' failed: The systemd unit 'dbus-org.freedesktop.home1.service' could not be found.
Thg 7 09 08:11:00 <hostname-redacted> dbus-broker-launch[709]: Service file '/usr/share/dbus-1/services/org.kde.dolphin.FileManager1.service' is not named after the D-Bus name 'org.freedesktop.FileManager1'.
Thg 7 09 08:11:00 <hostname-redacted> dbus-broker-launch[709]: Service file '/usr/share/dbus-1/services/org.kde.kscreen.service' is not named after the D-Bus name 'org.kde.KScreen'.
Thg 7 09 08:11:00 <hostname-redacted> dbus-broker-launch[709]: Service file '/usr/share/dbus-1/services/org.kde.plasma.Notifications.service' is not named after the D-Bus name 'org.freedesktop.Notifications'.
Thg 7 09 08:11:01 <hostname-redacted> plasma-login-greeter[749]: QDBusConnection: name 'org.freedesktop.UPower' had owner '' but we thought it was ':1.24'
Thg 7 09 08:11:02 <hostname-redacted> pipewire[751]: spa.v4l2: error: Input/output error
Thg 7 09 08:11:03 <hostname-redacted> kernel: [UFW BLOCK] IN=enp7s0 OUT= MAC=<mac-address-redacted>:<mac-address-redacted>:08:00 SRC=<ipv4-redacted> DST=<ipv4-redacted> LEN=32 TOS=0x00 PREC=0xC0 TTL=1 ID=0 DF PROTO=2 
Thg 7 09 08:11:04 <hostname-redacted> kernel: [UFW BLOCK] IN=enp7s0 OUT= MAC= SRC=fe80:0000:0000:0000:1183:b7da:c623:032b DST=ff02:0000:0000:0000:0000:0000:0001:0003 LEN=80 TC=0 HOPLIMIT=255 FLOWLBL=165339 PROTO=UDP SPT=5355 DPT=5355 LEN=40 
Thg 7 09 08:11:04 <hostname-redacted> NetworkManager[591]: ((../NetworkManager/src/libnm-systemd-core/src/libsystemd/sd-event/sd-event.c:4458)): assertion '<dropped>' failed
Thg 7 09 08:11:04 <hostname-redacted> kernel: [UFW BLOCK] IN=enp7s0 OUT= MAC= SRC=fe80:0000:0000:0000:1183:b7da:c623:032b DST=ff02:0000:0000:0000:0000:0000:0001:0003 LEN=80 TC=0 HOPLIMIT=255 FLOWLBL=165339 PROTO=UDP SPT=5355 DPT=5355 LEN=40 
Thg 7 09 08:11:05 <hostname-redacted> kernel: [UFW BLOCK] IN=enp7s0 OUT= MAC= SRC=fe80:0000:0000:0000:1183:b7da:c623:032b DST=ff02:0000:0000:0000:0000:0000:0001:0003 LEN=80 TC=0 HOPLIMIT=255 FLOWLBL=165339 PROTO=UDP SPT=5355 DPT=5355 LEN=40 
Thg 7 09 08:11:05 <hostname-redacted> kernel: [UFW BLOCK] IN=enp7s0 OUT= MAC= SRC=<ipv4-redacted> DST=<ipv4-redacted> LEN=60 TOS=0x00 PREC=0x00 TTL=255 ID=48243 PROTO=UDP SPT=5355 DPT=5355 LEN=40 
Thg 7 09 08:11:05 <hostname-redacted> kernel: [UFW BLOCK] IN=enp7s0 OUT= MAC= SRC=<ipv4-redacted> DST=<ipv4-redacted> LEN=60 TOS=0x00 PREC=0x00 TTL=255 ID=48251 PROTO=UDP SPT=5355 DPT=5355 LEN=40 
Thg 7 09 08:11:05 <hostname-redacted> kernel: [UFW BLOCK] IN=enp7s0 OUT= MAC= SRC=<ipv4-redacted> DST=<ipv4-redacted> LEN=60 TOS=0x00 PREC=0x00 TTL=255 ID=48428 PROTO=UDP SPT=5355 DPT=5355 LEN=40 
Thg 7 09 08:11:07 <hostname-redacted> avahi-daemon[593]: Host name conflict, retrying with <hostname-redacted>-2
Thg 7 09 08:11:07 <hostname-redacted> avahi-daemon[593]: Host name conflict, retrying with <hostname-redacted>-3
Thg 7 09 08:11:07 <hostname-redacted> kwin_wayland[711]: atomic commit failed: Permission denied
Thg 7 09 08:11:08 <hostname-redacted> dbus-broker-launch[1342]: Service file '/usr/share/dbus-1/services/org.kde.dolphin.FileManager1.service' is not named after the D-Bus name 'org.freedesktop.FileManager1'.
Thg 7 09 08:11:08 <hostname-redacted> dbus-broker-launch[1342]: Service file '/usr/share/dbus-1/services/org.kde.kscreen.service' is not named after the D-Bus name 'org.kde.KScreen'.
Thg 7 09 08:11:08 <hostname-redacted> dbus-broker-launch[1342]: Service file '/usr/share/dbus-1/services/org.kde.plasma.Notifications.service' is not named after the D-Bus name 'org.freedesktop.Notifications'.
Thg 7 09 08:11:08 <hostname-redacted> pipewire[1402]: mod.rt: could not set nice-level to -11: Permission denied
Thg 7 09 08:11:08 <hostname-redacted> wireplumber[1404]: mod.rt: could not set nice-level to -11: Permission denied
Thg 7 09 08:11:08 <hostname-redacted> kded6[1495]: QDBusObjectPath: invalid path "/modules/wpad-detector"
Thg 7 09 08:11:08 <hostname-redacted> kded6[1495]: The kded module name "wpad-detector" is invalid!
Thg 7 09 08:11:09 <hostname-redacted> pipewire-pulse[1628]: mod.rt: could not set nice-level to -11: Permission denied
Thg 7 09 08:11:09 <hostname-redacted> plasmashell[1525]: Member visible of the object PlasmaQuick::Dialog overrides a member of the base object. Consider renaming it or adding final or override specifier
Thg 7 09 08:11:09 <hostname-redacted> plasmashell[1525]: Member enabled of the object DeclarativeDropArea overrides a member of the base object. Consider renaming it or adding final or override specifier
Thg 7 09 08:11:09 <hostname-redacted> kded6[1495]: Failed to connect to Bolt manager DBus interface: 
Thg 7 09 08:11:09 <hostname-redacted> dbus-broker-launch[588]: Activation request for 'org.freedesktop.ModemManager1' failed: The systemd unit 'dbus-org.freedesktop.ModemManager1.service' could not be found.
Thg 7 09 08:11:09 <hostname-redacted> kded6[1495]: Failed enumerating MM objects: "org.freedesktop.DBus.Error.NameHasNoOwner" 
                                               "Could not activate remote peer 'org.freedesktop.ModemManager1': activation request failed: unknown unit"
Thg 7 09 08:11:09 <hostname-redacted> plasmashell[1525]: Connecting to deprecated signal QDBusConnectionInterface::serviceOwnerChanged(QString,QString,QString)
Thg 7 09 08:11:10 <hostname-redacted> org_kde_powerdevil[1553]: [  1553] busno=0, Feature 0xdd should not exist but ddc_get_nontable_vcp_value() succeeds, returning mh=0xff ml=0xff sh=0x00 sl=0x00
Thg 7 09 08:11:10 <hostname-redacted> org_kde_powerdevil[1553]: [  1553] busno=0, Feature 0x41 should not exist but ddc_get_nontable_vcp_value() succeeds, returning mh=0xff ml=0xff sh=0x00 sl=0x00
Thg 7 09 08:11:10 <hostname-redacted> org_kde_powerdevil[1553]: [  1553] busno=0, Feature 0x00 should not exist but ddc_get_nontable_vcp_value() succeeds, returning mh=0xff ml=0xff sh=0x00 sl=0x00
Thg 7 09 08:11:10 <hostname-redacted> org_kde_powerdevil[1553]: [  1553] busno=0, All features that should not exist detected. Monitor does not indicate unsupported
Thg 7 09 08:11:10 <hostname-redacted> pipewire[1402]: spa.v4l2: error: Input/output error
Thg 7 09 08:11:10 <hostname-redacted> org_kde_powerdevil[1553]: [  1553] Watching for DPMS state changes unimplemented
Thg 7 09 08:11:10 <hostname-redacted> org_kde_powerdevil[1553]: [  1553][  1.558922] Time since library initialized:   1.558920 seconds
Thg 7 09 08:11:10 <hostname-redacted> org_kde_powerdevil[1553]: [  1553][  1.558929] Extra delay starting dw_start_watch_displays: 0 millisec
Thg 7 09 08:11:11 <hostname-redacted> backlighthelper[1771]: no kernel backlight interface found
Thg 7 09 08:11:11 <hostname-redacted> org_kde_powerdevil[1553]: org.kde.powerdevil.chargethresholdhelper.getthreshold failed "Charge thresholds are not supported by the kernel for this hardware"
Thg 7 09 08:11:11 <hostname-redacted> org_kde_powerdevil[1553]: org.kde.powerdevil.backlighthelper.brightness failed
Thg 7 09 08:11:11 <hostname-redacted> org_kde_powerdevil[1553]: Handle button events action could not check for screen configuration
Thg 7 09 08:11:11 <hostname-redacted> org_kde_powerdevil[1553]: org.kde.powerdevil.chargethresholdhelper.getthreshold failed "Charge thresholds are not supported by the kernel for this hardware"
Thg 7 09 08:11:11 <hostname-redacted> /usr/lib/xdg-desktop-portal[1801]: Choosing gtk.portal for org.freedesktop.impl.portal.Lockdown as a last-resort fallback
Thg 7 09 08:11:11 <hostname-redacted> python3[1817]: QSystemTrayIcon::setVisible: No Icon set
Thg 7 09 08:11:12 <hostname-redacted> xdg-desktop-portal-kde[1869]: Namespace  "org.gnome.desktop.interface"  is not supported
Thg 7 09 08:11:12 <hostname-redacted> xdg-desktop-portal-kde[1869]: Namespace  "org.gnome.desktop.interface"  is not supported
Thg 7 09 08:11:12 <hostname-redacted> ksmserver[1493]: Failed to register with host portal QDBusError("org.freedesktop.portal.Error.Failed", "Could not register app ID: App info not found for 'org.kde.ksmserver'")
Thg 7 09 08:11:12 <hostname-redacted> gmenudbusmenuproxy[1550]: Failed to register with host portal QDBusError("org.freedesktop.portal.Error.Failed", "Could not register app ID: App info not found for 'org.kde.gmenudbusmenuproxy'")
Thg 7 09 08:11:12 <hostname-redacted> xembedsniproxy[1555]: Failed to register with host portal QDBusError("org.freedesktop.portal.Error.Failed", "Could not register app ID: App info not found for 'org.kde.xembedsniproxy'")
Thg 7 09 08:11:12 <hostname-redacted> kactivitymanagerd[1549]: Failed to register with host portal QDBusError("org.freedesktop.portal.Error.Failed", "Could not register app ID: App info not found for 'org.kde.ActivityManager'")
Thg 7 09 08:11:12 <hostname-redacted> polkit-kde-authentication-agent-1[1552]: Failed to register with host portal QDBusError("org.freedesktop.portal.Error.Failed", "Could not register app ID: Unable to open /proc/1552/root")
Thg 7 09 08:11:12 <hostname-redacted> kded6[1495]: Failed to register with host portal QDBusError("org.freedesktop.portal.Error.Failed", "Could not register app ID: App info not found for 'org.kde.kded6'")
Thg 7 09 08:11:12 <hostname-redacted> org_kde_powerdevil[1553]: Failed to register with host portal QDBusError("org.freedesktop.portal.Error.Failed", "Could not register app ID: App info not found for 'org.kde.org_kde_powerdevil'")
Thg 7 09 08:11:12 <hostname-redacted> xdg-desktop-portal-kde[1869]: Namespace  "org.gnome.desktop.interface"  is not supported
Thg 7 09 08:11:12 <hostname-redacted> kdeconnectd[1744]: Failed to register with host portal QDBusError("org.freedesktop.portal.Error.Failed", "Could not register app ID: Connection already associated with an application ID")
Thg 7 09 08:11:12 <hostname-redacted> polkit-kde-authentication-agent-1[1552]: Failed to register with host portal QDBusError("org.freedesktop.portal.Error.Failed", "Could not register app ID: Unable to open /proc/1552/root")
Thg 7 09 08:11:12 <hostname-redacted> xdg-desktop-portal-kde[1869]: Namespace  "org.gnome.desktop.interface"  is not supported
Thg 7 09 08:11:12 <hostname-redacted> gmenudbusmenuproxy[1550]: Failed to register with host portal QDBusError("org.freedesktop.portal.Error.Failed", "Could not register app ID: App info not found for 'org.kde.gmenudbusmenuproxy'")
Thg 7 09 08:11:12 <hostname-redacted> kaccess[1551]: Failed to register with host portal QDBusError("org.freedesktop.portal.Error.Failed", "Could not register app ID: Connection already associated with an application ID")
Thg 7 09 08:11:12 <hostname-redacted> xembedsniproxy[1555]: Failed to register with host portal QDBusError("org.freedesktop.portal.Error.Failed", "Could not register app ID: App info not found for 'org.kde.xembedsniproxy'")
Thg 7 09 08:11:12 <hostname-redacted> kactivitymanagerd[1549]: Failed to register with host portal QDBusError("org.freedesktop.portal.Error.Failed", "Could not register app ID: App info not found for 'org.kde.ActivityManager'")
Thg 7 09 08:11:12 <hostname-redacted> org_kde_powerdevil[1553]: Failed to register with host portal QDBusError("org.freedesktop.portal.Error.Failed", "Could not register app ID: Connection already associated with an application ID")
Thg 7 09 08:11:12 <hostname-redacted> kded6[1495]: Failed to register with host portal QDBusError("org.freedesktop.portal.Error.Failed", "Could not register app ID: App info not found for 'org.kde.kded6'")
Thg 7 09 08:11:12 <hostname-redacted> ksecretd[1253]: Failed to register with host portal QDBusError("org.freedesktop.portal.Error.Failed", "Could not register app ID: Connection already associated with an application ID")
Thg 7 09 08:11:12 <hostname-redacted> xdg-desktop-portal-kde[1869]: Failed to register with host portal QDBusError("org.freedesktop.portal.Error.Failed", "Could not register app ID: Connection already associated with an application ID")
Thg 7 09 08:11:12 <hostname-redacted> python3[1817]: Failed to register with host portal QDBusError("org.freedesktop.portal.Error.Failed", "Could not register app ID: App info not found for ''")
Thg 7 09 08:11:12 <hostname-redacted> ksmserver[1493]: Failed to register with host portal QDBusError("org.freedesktop.portal.Error.Failed", "Could not register app ID: App info not found for 'org.kde.ksmserver'")
Thg 7 09 08:11:12 <hostname-redacted> plasmashell[1525]: Final member StackingOrder is overridden in class QQmlDMAbstractItemModelData. The override won't be used.
Thg 7 09 08:11:12 <hostname-redacted> plasmashell[1525]: Failed to register with host portal QDBusError("org.freedesktop.portal.Error.Failed", "Could not register app ID: Connection already associated with an application ID")
Thg 7 09 08:11:13 <hostname-redacted> plasmalogin[677]: Auth: plasmalogin-helper exited with 255
Thg 7 09 08:11:15 <hostname-redacted> kwalletd6[2168]: g_dbus_proxy_get_object_path: assertion 'G_IS_DBUS_PROXY (proxy)' failed
Thg 7 09 08:11:15 <hostname-redacted> kwalletd6[2168]: Failed to register with host portal QDBusError("org.freedesktop.portal.Error.Failed", "Could not register app ID: App info not found for 'org.kde.kwalletd'")
Thg 7 09 08:13:09 <hostname-redacted> kernel: [UFW BLOCK] IN=enp7s0 OUT= MAC=<mac-address-redacted>:<mac-address-redacted>:08:00 SRC=<ipv4-redacted> DST=<ipv4-redacted> LEN=32 TOS=0x00 PREC=0xC0 TTL=1 ID=0 DF PROTO=2 
Thg 7 09 08:13:53 <hostname-redacted> kernel: [UFW BLOCK] IN=enp7s0 OUT= MAC=<mac-address-redacted>:<mac-address-redacted>:08:00 SRC=<ipv4-redacted> DST=<ipv4-redacted> LEN=32 TOS=0x00 PREC=0x00 TTL=1 ID=13380 PROTO=2 
Thg 7 09 08:14:44 <hostname-redacted> kernel: [UFW BLOCK] IN=enp7s0 OUT= MAC=<mac-address-redacted>:<mac-address-redacted>:08:00 SRC=<ipv4-redacted> DST=<ipv4-redacted> LEN=32 TOS=0x00 PREC=0x00 TTL=1 ID=10089 PROTO=2 
Thg 7 09 08:15:01 <hostname-redacted> plasmashell[1525]: pa_ext_stream_restore_write failed
Thg 7 09 08:15:14 <hostname-redacted> kernel: [UFW BLOCK] IN=enp7s0 OUT= MAC=<mac-address-redacted>:<mac-address-redacted>:08:00 SRC=<ipv4-redacted> DST=<ipv4-redacted> LEN=32 TOS=0x00 PREC=0xC0 TTL=1 ID=0 DF PROTO=2 
Thg 7 09 08:16:42 <hostname-redacted> kernel: [UFW BLOCK] IN=enp7s0 OUT= MAC=<mac-address-redacted>:<mac-address-redacted>:08:00 SRC=<ipv4-redacted> DST=<ipv4-redacted> LEN=32 TOS=0x00 PREC=0x00 TTL=1 ID=30604 PROTO=2 
Thg 7 09 08:16:52 <hostname-redacted> kernel: [UFW BLOCK] IN=enp7s0 OUT= MAC=<mac-address-redacted>:<mac-address-redacted>:08:00 SRC=<ipv4-redacted> DST=<ipv4-redacted> LEN=32 TOS=0x00 PREC=0x00 TTL=1 ID=15722 PROTO=2 
Thg 7 09 08:17:20 <hostname-redacted> kernel: [UFW BLOCK] IN=enp7s0 OUT= MAC=<mac-address-redacted>:<mac-address-redacted>:08:00 SRC=<ipv4-redacted> DST=<ipv4-redacted> LEN=32 TOS=0x00 PREC=0xC0 TTL=1 ID=0 DF PROTO=2 
Thg 7 09 08:18:42 <hostname-redacted> plasmashell[1525]: pa_ext_stream_restore_write failed
Thg 7 09 08:18:46 <hostname-redacted> plasmashell[1525]: pa_ext_stream_restore_write failed
Thg 7 09 08:19:25 <hostname-redacted> kernel: [UFW BLOCK] IN=enp7s0 OUT= MAC=<mac-address-redacted>:<mac-address-redacted>:08:00 SRC=<ipv4-redacted> DST=<ipv4-redacted> LEN=32 TOS=0x00 PREC=0xC0 TTL=1 ID=0 DF PROTO=2 
Thg 7 09 08:19:56 <hostname-redacted> kernel: [UFW BLOCK] IN=enp7s0 OUT= MAC=<mac-address-redacted>:<mac-address-redacted>:08:00 SRC=<ipv4-redacted> DST=<ipv4-redacted> LEN=32 TOS=0x00 PREC=0x00 TTL=1 ID=46920 PROTO=2 
Thg 7 09 08:20:24 <hostname-redacted> plasmashell[1525]: pa_ext_stream_restore_write failed
Thg 7 09 08:20:53 <hostname-redacted> kernel: [UFW BLOCK] IN=enp7s0 OUT= MAC=<mac-address-redacted>:<mac-address-redacted>:08:00 SRC=<ipv4-redacted> DST=<ipv4-redacted> LEN=32 TOS=0x00 PREC=0xC0 TTL=1 ID=0 DF PROTO=2 
Thg 7 09 08:21:02 <hostname-redacted> kernel: [UFW BLOCK] IN=enp7s0 OUT= MAC=<mac-address-redacted>:<mac-address-redacted>:08:00 SRC=<ipv4-redacted> DST=<ipv4-redacted> LEN=32 TOS=0x00 PREC=0xC0 TTL=1 ID=0 DF PROTO=2 
Thg 7 09 08:21:31 <hostname-redacted> kernel: [UFW BLOCK] IN=enp7s0 OUT= MAC=<mac-address-redacted>:<mac-address-redacted>:08:00 SRC=<ipv4-redacted> DST=<ipv4-redacted> LEN=32 TOS=0x00 PREC=0xC0 TTL=1 ID=0 DF PROTO=2 
Thg 7 09 08:23:36 <hostname-redacted> kernel: [UFW BLOCK] IN=enp7s0 OUT= MAC=<mac-address-redacted>:<mac-address-redacted>:08:00 SRC=<ipv4-redacted> DST=<ipv4-redacted> LEN=32 TOS=0x00 PREC=0xC0 TTL=1 ID=0 DF PROTO=2 
Thg 7 09 08:25:42 <hostname-redacted> kernel: [UFW BLOCK] IN=enp7s0 OUT= MAC=<mac-address-redacted>:<mac-address-redacted>:08:00 SRC=<ipv4-redacted> DST=<ipv4-redacted> LEN=32 TOS=0x00 PREC=0xC0 TTL=1 ID=0 DF PROTO=2 
Thg 7 09 08:27:47 <hostname-redacted> kernel: [UFW BLOCK] IN=enp7s0 OUT= MAC=<mac-address-redacted>:<mac-address-redacted>:08:00 SRC=<ipv4-redacted> DST=<ipv4-redacted> LEN=32 TOS=0x00 PREC=0xC0 TTL=1 ID=0 DF PROTO=2 
Thg 7 09 08:27:48 <hostname-redacted> kernel: [UFW BLOCK] IN=enp7s0 OUT= MAC=<mac-address-redacted>:<mac-address-redacted>:08:00 SRC=<ipv4-redacted> DST=<ipv4-redacted> LEN=32 TOS=0x00 PREC=0xC0 TTL=1 ID=0 DF PROTO=2 
Thg 7 09 08:29:52 <hostname-redacted> kernel: [UFW BLOCK] IN=enp7s0 OUT= MAC=<mac-address-redacted>:<mac-address-redacted>:08:00 SRC=<ipv4-redacted> DST=<ipv4-redacted> LEN=32 TOS=0x00 PREC=0xC0 TTL=1 ID=0 DF PROTO=2 
Thg 7 09 08:29:59 <hostname-redacted> kernel: [UFW BLOCK] IN=enp7s0 OUT= MAC=<mac-address-redacted>:<mac-address-redacted>:08:00 SRC=<ipv4-redacted> DST=<ipv4-redacted> LEN=32 TOS=0x00 PREC=0xC0 TTL=1 ID=0 DF PROTO=2 
Thg 7 09 08:30:03 <hostname-redacted> kernel: [UFW BLOCK] IN=enp7s0 OUT= MAC=<mac-address-redacted>:<mac-address-redacted>:08:00 SRC=<ipv4-redacted> DST=<ipv4-redacted> LEN=32 TOS=0x00 PREC=0x00 TTL=1 ID=13996 PROTO=2 
Thg 7 09 08:30:09 <hostname-redacted> kernel: [UFW BLOCK] IN=enp7s0 OUT= MAC=<mac-address-redacted>:<mac-address-redacted>:08:00 SRC=<ipv4-redacted> DST=<ipv4-redacted> LEN=32 TOS=0x00 PREC=0x00 TTL=1 ID=15191 PROTO=2 
Thg 7 09 08:31:58 <hostname-redacted> kernel: [UFW BLOCK] IN=enp7s0 OUT= MAC=<mac-address-redacted>:<mac-address-redacted>:08:00 SRC=<ipv4-redacted> DST=<ipv4-redacted> LEN=32 TOS=0x00 PREC=0xC0 TTL=1 ID=0 DF PROTO=2 
Thg 7 09 08:32:01 <hostname-redacted> kernel: [UFW BLOCK] IN=enp7s0 OUT= MAC=<mac-address-redacted>:<mac-address-redacted>:08:00 SRC=<ipv4-redacted> DST=<ipv4-redacted> LEN=32 TOS=0x00 PREC=0xC0 TTL=1 ID=0 DF PROTO=2 
Thg 7 09 08:33:49 <hostname-redacted> plasmashell[1525]: pa_ext_stream_restore_write failed
Thg 7 09 08:33:50 <hostname-redacted> plasmashell[1525]: pa_ext_stream_restore_write failed
Thg 7 09 08:34:03 <hostname-redacted> kernel: [UFW BLOCK] IN=enp7s0 OUT= MAC=<mac-address-redacted>:<mac-address-redacted>:08:00 SRC=<ipv4-redacted> DST=<ipv4-redacted> LEN=32 TOS=0x00 PREC=0xC0 TTL=1 ID=0 DF PROTO=2 
Thg 7 09 08:36:09 <hostname-redacted> kernel: [UFW BLOCK] IN=enp7s0 OUT= MAC=<mac-address-redacted>:<mac-address-redacted>:08:00 SRC=<ipv4-redacted> DST=<ipv4-redacted> LEN=32 TOS=0x00 PREC=0xC0 TTL=1 ID=0 DF PROTO=2 
Thg 7 09 08:37:38 <hostname-redacted> plasmashell[1525]: pa_ext_stream_restore_write failed
Thg 7 09 08:37:38 <hostname-redacted> plasmashell[1525]: pa_ext_stream_restore_write failed
Thg 7 09 08:38:14 <hostname-redacted> kernel: [UFW BLOCK] IN=enp7s0 OUT= MAC=<mac-address-redacted>:<mac-address-redacted>:08:00 SRC=<ipv4-redacted> DST=<ipv4-redacted> LEN=32 TOS=0x00 PREC=0xC0 TTL=1 ID=0 DF PROTO=2 
Thg 7 09 08:38:17 <hostname-redacted> kernel: [UFW BLOCK] IN=br-4300c3e53cda OUT= MAC= SRC=<ipv4-redacted> DST=<ipv4-redacted> LEN=60 TOS=0x00 PREC=0x00 TTL=255 ID=62213 PROTO=UDP SPT=5355 DPT=5355 LEN=40 
Thg 7 09 08:38:17 <hostname-redacted> kernel: [UFW BLOCK] IN=br-4300c3e53cda OUT= MAC= SRC=<ipv4-redacted> DST=<ipv4-redacted> LEN=60 TOS=0x00 PREC=0x00 TTL=255 ID=62423 PROTO=UDP SPT=5355 DPT=5355 LEN=40 
Thg 7 09 08:38:18 <hostname-redacted> kernel: [UFW BLOCK] IN=br-4300c3e53cda OUT= MAC= SRC=<ipv4-redacted> DST=<ipv4-redacted> LEN=60 TOS=0x00 PREC=0x00 TTL=255 ID=62638 PROTO=UDP SPT=5355 DPT=5355 LEN=40 
Thg 7 09 08:38:18 <hostname-redacted> kernel: [UFW BLOCK] IN=br-4300c3e53cda OUT= MAC= SRC=fe80:0000:0000:0000:8079:3fff:fef4:73cd DST=ff02:0000:0000:0000:0000:0000:0001:0003 LEN=80 TC=0 HOPLIMIT=255 FLOWLBL=222345 PROTO=UDP SPT=5355 DPT=5355 LEN=40 
Thg 7 09 08:38:18 <hostname-redacted> kernel: [UFW BLOCK] IN=br-4300c3e53cda OUT= MAC= SRC=fe80:0000:0000:0000:8079:3fff:fef4:73cd DST=ff02:0000:0000:0000:0000:0000:0001:0003 LEN=80 TC=0 HOPLIMIT=255 FLOWLBL=222345 PROTO=UDP SPT=5355 DPT=5355 LEN=40 
Thg 7 09 08:38:19 <hostname-redacted> kernel: [UFW BLOCK] IN=veth9f5f292 OUT= MAC= SRC=fe80:0000:0000:0000:aced:5aff:fedb:8407 DST=ff02:0000:0000:0000:0000:0000:0001:0003 LEN=80 TC=0 HOPLIMIT=255 FLOWLBL=132833 PROTO=UDP SPT=5355 DPT=5355 LEN=40 
Thg 7 09 08:38:19 <hostname-redacted> kernel: [UFW BLOCK] IN=br-4300c3e53cda OUT= MAC= SRC=fe80:0000:0000:0000:8079:3fff:fef4:73cd DST=ff02:0000:0000:0000:0000:0000:0001:0003 LEN=80 TC=0 HOPLIMIT=255 FLOWLBL=222345 PROTO=UDP SPT=5355 DPT=5355 LEN=40 
Thg 7 09 08:38:19 <hostname-redacted> kernel: [UFW BLOCK] IN=veth6b5a926 OUT= MAC= SRC=fe80:0000:0000:0000:ec06:79ff:fe08:c9fb DST=ff02:0000:0000:0000:0000:0000:0001:0003 LEN=80 TC=0 HOPLIMIT=255 FLOWLBL=362829 PROTO=UDP SPT=5355 DPT=5355 LEN=40 
Thg 7 09 08:38:19 <hostname-redacted> kernel: [UFW BLOCK] IN=veth9f5f292 OUT= MAC= SRC=fe80:0000:0000:0000:aced:5aff:fedb:8407 DST=ff02:0000:0000:0000:0000:0000:0001:0003 LEN=80 TC=0 HOPLIMIT=255 FLOWLBL=132833 PROTO=UDP SPT=5355 DPT=5355 LEN=40 
Thg 7 09 08:38:19 <hostname-redacted> kernel: [UFW BLOCK] IN=veth6b5a926 OUT= MAC= SRC=fe80:0000:0000:0000:ec06:79ff:fe08:c9fb DST=ff02:0000:0000:0000:0000:0000:0001:0003 LEN=80 TC=0 HOPLIMIT=255 FLOWLBL=362829 PROTO=UDP SPT=5355 DPT=5355 LEN=40 
Thg 7 09 08:38:19 <hostname-redacted> kernel: [UFW BLOCK] IN=veth9f5f292 OUT= MAC= SRC=fe80:0000:0000:0000:aced:5aff:fedb:8407 DST=ff02:0000:0000:0000:0000:0000:0001:0003 LEN=80 TC=0 HOPLIMIT=255 FLOWLBL=132833 PROTO=UDP SPT=5355 DPT=5355 LEN=40 
Thg 7 09 08:38:19 <hostname-redacted> kernel: [UFW BLOCK] IN=veth6b5a926 OUT= MAC= SRC=fe80:0000:0000:0000:ec06:79ff:fe08:c9fb DST=ff02:0000:0000:0000:0000:0000:0001:0003 LEN=80 TC=0 HOPLIMIT=255 FLOWLBL=362829 PROTO=UDP SPT=5355 DPT=5355 LEN=40 
Thg 7 09 08:38:19 <hostname-redacted> avahi-daemon[593]: Host name conflict, retrying with <hostname-redacted>-4
Thg 7 09 08:38:20 <hostname-redacted> avahi-daemon[593]: Host name conflict, retrying with <hostname-redacted>-5
Thg 7 09 08:40:12 <hostname-redacted> kernel: [UFW BLOCK] IN=enp7s0 OUT= MAC=<mac-address-redacted>:<mac-address-redacted>:08:00 SRC=<ipv4-redacted> DST=<ipv4-redacted> LEN=32 TOS=0x00 PREC=0x00 TTL=1 ID=59588 PROTO=2 
Thg 7 09 08:40:20 <hostname-redacted> kernel: [UFW BLOCK] IN=enp7s0 OUT= MAC=<mac-address-redacted>:<mac-address-redacted>:08:00 SRC=<ipv4-redacted> DST=<ipv4-redacted> LEN=32 TOS=0x00 PREC=0xC0 TTL=1 ID=0 DF PROTO=2 
Thg 7 09 08:42:25 <hostname-redacted> kernel: [UFW BLOCK] IN=enp7s0 OUT= MAC=<mac-address-redacted>:<mac-address-redacted>:08:00 SRC=<ipv4-redacted> DST=<ipv4-redacted> LEN=32 TOS=0x00 PREC=0xC0 TTL=1 ID=0 DF PROTO=2 
Thg 7 09 08:44:31 <hostname-redacted> kernel: [UFW BLOCK] IN=enp7s0 OUT= MAC=<mac-address-redacted>:<mac-address-redacted>:08:00 SRC=<ipv4-redacted> DST=<ipv4-redacted> LEN=32 TOS=0x00 PREC=0xC0 TTL=1 ID=0 DF PROTO=2 
Thg 7 09 08:46:36 <hostname-redacted> kernel: [UFW BLOCK] IN=enp7s0 OUT= MAC=<mac-address-redacted>:<mac-address-redacted>:08:00 SRC=<ipv4-redacted> DST=<ipv4-redacted> LEN=32 TOS=0x00 PREC=0xC0 TTL=1 ID=0 DF PROTO=2 
Thg 7 09 08:48:41 <hostname-redacted> kernel: [UFW BLOCK] IN=enp7s0 OUT= MAC=<mac-address-redacted>:<mac-address-redacted>:08:00 SRC=<ipv4-redacted> DST=<ipv4-redacted> LEN=32 TOS=0x00 PREC=0xC0 TTL=1 ID=0 DF PROTO=2 
Thg 7 09 08:50:17 <hostname-redacted> kernel: [UFW BLOCK] IN=enp7s0 OUT= MAC=<mac-address-redacted>:<mac-address-redacted>:08:00 SRC=<ipv4-redacted> DST=<ipv4-redacted> LEN=32 TOS=0x00 PREC=0x00 TTL=1 ID=39364 PROTO=2 
Thg 7 09 08:50:42 <hostname-redacted> kernel: [UFW BLOCK] IN=enp7s0 OUT= MAC=<mac-address-redacted>:<mac-address-redacted>:08:00 SRC=<ipv4-redacted> DST=<ipv4-redacted> LEN=32 TOS=0x00 PREC=0x00 TTL=1 ID=62939 PROTO=2 
Thg 7 09 08:50:47 <hostname-redacted> kernel: [UFW BLOCK] IN=enp7s0 OUT= MAC=<mac-address-redacted>:<mac-address-redacted>:08:00 SRC=<ipv4-redacted> DST=<ipv4-redacted> LEN=32 TOS=0x00 PREC=0xC0 TTL=1 ID=0 DF PROTO=2 
Thg 7 09 08:52:52 <hostname-redacted> kernel: [UFW BLOCK] IN=enp7s0 OUT= MAC=<mac-address-redacted>:<mac-address-redacted>:08:00 SRC=<ipv4-redacted> DST=<ipv4-redacted> LEN=32 TOS=0x00 PREC=0xC0 TTL=1 ID=0 DF PROTO=2 
Thg 7 09 08:54:03 <hostname-redacted> plasmashell[1525]: qrc:/qt/qml/plasma/applet/org/kde/plasma/systemtray/ExpandedRepresentation.qml:239: TypeError: Cannot read property 'text' of null
Thg 7 09 08:54:08 <hostname-redacted> bluetoothd[594]: src/profile.c:ext_connect() Hands-Free Voice gateway failed connect to <mac-address-redacted>: Connection refused (111)
Thg 7 09 08:54:09 <hostname-redacted> bluetoothd[594]: profiles/audio/a2dp.c:load_remote_sep() Unable to load LastUsed: rseid 3 not found
Thg 7 09 08:54:11 <hostname-redacted> kded6[1495]: No object for name "bluez_output.AC_80_0A_95_4B_E0.1"
Thg 7 09 08:54:11 <hostname-redacted> plasmashell[1525]: No object for name "bluez_output.AC_80_0A_95_4B_E0.1"
Thg 7 09 08:54:11 <hostname-redacted> kernel: Bluetooth: hci0: SCO packet for unknown connection handle 70
Thg 7 09 08:54:11 <hostname-redacted> kernel: Bluetooth: hci0: SCO packet for unknown connection handle 70
Thg 7 09 08:54:11 <hostname-redacted> plasmashell[1525]: No object for name "bluez_output.AC_80_0A_95_4B_E0.1"
Thg 7 09 08:54:14 <hostname-redacted> kernel: Bluetooth: hci0: SCO packet for unknown connection handle 70
Thg 7 09 08:54:25 <hostname-redacted> plasmashell[1525]: Property 'onPressed' of object QQuickMouseArea_QML_727(0x5595b46f0340) is a signal handler. You should not call it directly. Make it a proper function and call that or emit the signal.
Thg 7 09 08:54:58 <hostname-redacted> kernel: [UFW BLOCK] IN=enp7s0 OUT= MAC=<mac-address-redacted>:<mac-address-redacted>:08:00 SRC=<ipv4-redacted> DST=<ipv4-redacted> LEN=32 TOS=0x00 PREC=0xC0 TTL=1 ID=0 DF PROTO=2 
Thg 7 09 08:56:33 <hostname-redacted> kwin_wayland[1356]: Member visible of the object PlasmaQuick::Dialog overrides a member of the base object. Consider renaming it or adding final or override specifier
Thg 7 09 08:56:34 <hostname-redacted> kwin_wayland[1356]: Failed to register with host portal QDBusError("org.freedesktop.portal.Error.Failed", "Could not register app ID: Unable to open /proc/1356/root")
Thg 7 09 08:56:49 <hostname-redacted> kded6[1495]: No object for name "bluez_output.AC_80_0A_95_4B_E0.1"
Thg 7 09 08:56:49 <hostname-redacted> plasmashell[1525]: No object for name "bluez_output.AC_80_0A_95_4B_E0.1"
Thg 7 09 08:56:58 <hostname-redacted> kded6[1495]: No object for name "bluez_output.AC_80_0A_95_4B_E0.1"
Thg 7 09 08:56:58 <hostname-redacted> plasmashell[1525]: No object for name "bluez_output.AC_80_0A_95_4B_E0.1"
Thg 7 09 08:57:03 <hostname-redacted> kernel: [UFW BLOCK] IN=enp7s0 OUT= MAC=<mac-address-redacted>:<mac-address-redacted>:08:00 SRC=<ipv4-redacted> DST=<ipv4-redacted> LEN=32 TOS=0x00 PREC=0xC0 TTL=1 ID=0 DF PROTO=2 
Thg 7 09 08:58:45 <hostname-redacted> wireplumber[1404]: pw.node: (bluez_output.AC_80_0A_95_4B_E0.1-120) running -> error (Received error event)
Thg 7 09 08:58:45 <hostname-redacted> wireplumber[1404]: spa.bluez5: Failure in Bluetooth audio transport /org/bluez/hci0/dev_AC_80_0A_95_4B_E0/sep1/fd0
Thg 7 09 08:58:45 <hostname-redacted> pipewire[1402]: pw.node: (bluez_output.AC_80_0A_95_4B_E0.1-120) running -> error (Received error event)
Thg 7 09 08:58:45 <hostname-redacted> kded6[1495]: No object for name "bluez_output.AC_80_0A_95_4B_E0.1"
Thg 7 09 08:58:45 <hostname-redacted> plasmashell[1525]: No object for name "bluez_output.AC_80_0A_95_4B_E0.1"
Thg 7 09 08:58:45 <hostname-redacted> bluetoothd[594]: src/profile.c:ext_io_disconnected() Unable to get io data for Hands-Free Voice gateway: getpeername: Transport endpoint is not connected (107)
Thg 7 09 08:58:45 <hostname-redacted> dbus-broker[589]: A security policy denied :1.5 to send method call /midi/profile:org.bluez.GattProfile1.Release to :1.52.
Thg 7 09 08:58:45 <hostname-redacted> kdeconnectd[1744]: Device discovery aborted due to unexpected adapter changes from another process.
Thg 7 09 08:58:46 <hostname-redacted> kernel: usb 1-5: device descriptor read/64, error -71
Thg 7 09 08:58:46 <hostname-redacted> kernel: usb 1-5: device descriptor read/64, error -71
Thg 7 09 08:58:47 <hostname-redacted> kernel: usb 1-5: device descriptor read/64, error -71
Thg 7 09 08:58:47 <hostname-redacted> kernel: usb 1-5: device descriptor read/64, error -71
Thg 7 09 08:58:47 <hostname-redacted> kernel: usb 1-5: Device not responding to setup address.
Thg 7 09 08:58:48 <hostname-redacted> kernel: usb 1-5: Device not responding to setup address.
Thg 7 09 08:58:48 <hostname-redacted> kernel: usb 1-5: device not accepting address 7, error -71
Thg 7 09 08:58:48 <hostname-redacted> kernel: usb 1-5: WARN: invalid context state for evaluate context command.
Thg 7 09 08:59:00 <hostname-redacted> kernel: usb 1-2.1: device descriptor read/64, error -32
Thg 7 09 08:59:00 <hostname-redacted> kernel: usb 1-2.1: device descriptor read/64, error -32
Thg 7 09 08:59:00 <hostname-redacted> kernel: Bluetooth: hci0: unexpected event for opcode 0x0000
Thg 7 09 08:59:07 <hostname-redacted> bluetoothd[594]: profiles/audio/a2dp.c:load_remote_sep() Unable to load LastUsed: rseid 1 not found
Thg 7 09 08:59:09 <hostname-redacted> kded6[1495]: No object for name "bluez_output.AC_80_0A_95_4B_E0.1"
Thg 7 09 08:59:09 <hostname-redacted> plasmashell[1525]: No object for name "bluez_output.AC_80_0A_95_4B_E0.1"
Thg 7 09 08:59:09 <hostname-redacted> kernel: [UFW BLOCK] IN=enp7s0 OUT= MAC=<mac-address-redacted>:<mac-address-redacted>:08:00 SRC=<ipv4-redacted> DST=<ipv4-redacted> LEN=32 TOS=0x00 PREC=0xC0 TTL=1 ID=0 DF PROTO=2 
Thg 7 09 08:59:34 <hostname-redacted> kded6[1495]: No object for name "bluez_output.AC_80_0A_95_4B_E0.1"
Thg 7 09 08:59:34 <hostname-redacted> plasmashell[1525]: No object for name "bluez_output.AC_80_0A_95_4B_E0.1"
Thg 7 09 09:00:43 <hostname-redacted> kernel: [UFW BLOCK] IN=enp7s0 OUT= MAC=<mac-address-redacted>:<mac-address-redacted>:08:00 SRC=<ipv4-redacted> DST=<ipv4-redacted> LEN=32 TOS=0x00 PREC=0x00 TTL=1 ID=22996 PROTO=2 
Thg 7 09 09:00:58 <hostname-redacted> kernel: [UFW BLOCK] IN=enp7s0 OUT= MAC=<mac-address-redacted>:<mac-address-redacted>:08:00 SRC=<ipv4-redacted> DST=<ipv4-redacted> LEN=32 TOS=0x00 PREC=0x00 TTL=1 ID=32953 PROTO=2 
Thg 7 09 09:01:14 <hostname-redacted> kernel: [UFW BLOCK] IN=enp7s0 OUT= MAC=<mac-address-redacted>:<mac-address-redacted>:08:00 SRC=<ipv4-redacted> DST=<ipv4-redacted> LEN=32 TOS=0x00 PREC=0xC0 TTL=1 ID=0 DF PROTO=2 
Thg 7 09 09:01:46 <hostname-redacted> bluetoothd[594]: src/bearer.c:btd_bearer_disconnected() Unknown disconnection value: 21
Thg 7 09 09:01:46 <hostname-redacted> bluetoothd[594]: src/device.c:device_disconnected() Unknown disconnection value: 21
Thg 7 09 09:01:46 <hostname-redacted> bluetoothd[594]: src/profile.c:ext_io_disconnected() Unable to get io data for Hands-Free Voice gateway: getpeername: Transport endpoint is not connected (107)
Thg 7 09 09:01:46 <hostname-redacted> wireplumber[1404]: spa.bluez5.sink.media: 0x55fdf8e75558: connection (/org/bluez/hci0/dev_AC_80_0A_95_4B_E0/sep3/fd0) terminated unexpectedly
Thg 7 09 09:01:46 <hostname-redacted> dbus-broker[589]: A security policy denied :1.5 to send method call /midi/profile:org.bluez.GattProfile1.Release to :1.52.
Thg 7 09 09:01:46 <hostname-redacted> kded6[1495]: No object for name "bluez_output.AC_80_0A_95_4B_E0.1"
Thg 7 09 09:01:46 <hostname-redacted> kdeconnectd[1744]: Device discovery aborted due to unexpected adapter changes from another process.
Thg 7 09 09:01:46 <hostname-redacted> plasmashell[1525]: No object for name "bluez_output.AC_80_0A_95_4B_E0.1"
Thg 7 09 09:01:46 <hostname-redacted> bluetoothd[11165]: src/main.c:check_options() Unknown key MinFixedChannelSize for group BR in /etc/bluetooth/main.conf
Thg 7 09 09:01:46 <hostname-redacted> wireplumber[1404]: spa.bluez5.midi: org.bluez.GattManager1.RegisterApplication() failed: GDBus.Error:org.freedesktop.DBus.Error.UnknownMethod: Invalid method call
Thg 7 09 09:01:46 <hostname-redacted> wireplumber[1404]: spa.bluez5.midi.server: org.bluez.GattManager1.RegisterApplication() failed: GDBus.Error:org.freedesktop.DBus.Error.UnknownMethod: Invalid method call
Thg 7 09 09:01:55 <hostname-redacted> plasmashell[1525]: qrc:/qt/qml/plasma/applet/org/kde/plasma/systemtray/ExpandedRepresentation.qml:239: TypeError: Cannot read property 'text' of null
Thg 7 09 09:02:05 <hostname-redacted> bluetoothd[11165]: profiles/audio/a2dp.c:load_remote_sep() Unable to load LastUsed: rseid 3 not found
Thg 7 09 09:03:19 <hostname-redacted> kernel: [UFW BLOCK] IN=enp7s0 OUT= MAC=<mac-address-redacted>:<mac-address-redacted>:08:00 SRC=<ipv4-redacted> DST=<ipv4-redacted> LEN=32 TOS=0x00 PREC=0xC0 TTL=1 ID=0 DF PROTO=2 
Thg 7 09 09:05:25 <hostname-redacted> kernel: [UFW BLOCK] IN=enp7s0 OUT= MAC=<mac-address-redacted>:<mac-address-redacted>:08:00 SRC=<ipv4-redacted> DST=<ipv4-redacted> LEN=32 TOS=0x00 PREC=0xC0 TTL=1 ID=0 DF PROTO=2 
Thg 7 09 09:05:54 <hostname-redacted> org_kde_powerdevil[1553]: [  1749][3285.400620] (dw_watch_display_connections) Time since last return from sleep = 3285275878450 ns = 3285276 ms
Thg 7 09 09:05:54 <hostname-redacted> kwin_wayland[1356]: Failed to open drm device 
Thg 7 09 09:05:54 <hostname-redacted> kwin_wayland[1356]: Failed to open drm device 
Thg 7 09 09:05:54 <hostname-redacted> kwin_wayland[1356]: Failed to open drm device 
Thg 7 09 09:05:54 <hostname-redacted> org_kde_powerdevil[1553]: [  1749][3285.464812] (dw_watch_display_connections) Time since last return from sleep = 3285340070143 ns = 3285340 ms
Thg 7 09 09:05:54 <hostname-redacted> org_kde_powerdevil[1553]: [  1749][3285.464836] (dw_watch_display_connections) Recently resumed from sleep detected
Thg 7 09 09:05:54 <hostname-redacted> org_kde_powerdevil[1553]: [  1749][3285.464844] (dw_watch_display_connections) Pausing for 1000 millisec
Thg 7 09 09:05:56 <hostname-redacted> org_kde_powerdevil[1553]: [  1749][3286.883126] (dw_watch_display_connections) Time since last return from sleep = 3286758384310 ns = 3286758 ms
Thg 7 09 09:05:56 <hostname-redacted> org_kde_powerdevil[1553]: [  1749][3286.883145] (dw_watch_display_connections) Recently resumed from sleep detected
Thg 7 09 09:05:56 <hostname-redacted> org_kde_powerdevil[1553]: [  1749][3286.883153] (dw_watch_display_connections) Pausing for 1000 millisec
Thg 7 09 09:05:57 <hostname-redacted> org_kde_powerdevil[1553]: [  1749][3288.276489] (dw_watch_display_connections) Time since last return from sleep = 3288151747528 ns = 3288152 ms
Thg 7 09 09:05:57 <hostname-redacted> org_kde_powerdevil[1553]: [  1749][3288.276506] (dw_watch_display_connections) Recently resumed from sleep detected
Thg 7 09 09:05:57 <hostname-redacted> org_kde_powerdevil[1553]: [  1749][3288.276511] (dw_watch_display_connections) Pausing for 1000 millisec
Thg 7 09 09:05:58 <hostname-redacted> org_kde_powerdevil[1553]: [  1749][3289.670840] (dw_watch_display_connections) Time since last return from sleep = 3289546098602 ns = 3289546 ms
Thg 7 09 09:05:58 <hostname-redacted> org_kde_powerdevil[1553]: [  1749][3289.670856] (dw_watch_display_connections) Recently resumed from sleep detected
Thg 7 09 09:05:58 <hostname-redacted> org_kde_powerdevil[1553]: [  1749][3289.670863] (dw_watch_display_connections) Pausing for 1000 millisec
Thg 7 09 09:06:00 <hostname-redacted> org_kde_powerdevil[1553]: [  1749][3291.065856] (dw_watch_display_connections) Time since last return from sleep = 3290941114306 ns = 3290941 ms
Thg 7 09 09:06:00 <hostname-redacted> org_kde_powerdevil[1553]: [  1749][3291.065879] (dw_watch_display_connections) Recently resumed from sleep detected
Thg 7 09 09:06:00 <hostname-redacted> org_kde_powerdevil[1553]: [  1749][3291.065885] (dw_watch_display_connections) Pausing for 1000 millisec
Thg 7 09 09:06:01 <hostname-redacted> org_kde_powerdevil[1553]: [  1749][3292.460582] (dw_watch_display_connections) Time since last return from sleep = 3292335839832 ns = 3292336 ms
Thg 7 09 09:06:01 <hostname-redacted> org_kde_powerdevil[1553]: [  1749][3292.460599] (dw_watch_display_connections) Recently resumed from sleep detected
Thg 7 09 09:06:01 <hostname-redacted> org_kde_powerdevil[1553]: [  1749][3292.460606] (dw_watch_display_connections) Pausing for 1000 millisec
Thg 7 09 09:06:03 <hostname-redacted> org_kde_powerdevil[1553]: [  1749][3293.854227] (dw_watch_display_connections) Time since last return from sleep = 3293729484641 ns = 3293729 ms
Thg 7 09 09:06:03 <hostname-redacted> org_kde_powerdevil[1553]: [  1749][3293.854243] (dw_watch_display_connections) Recently resumed from sleep detected
Thg 7 09 09:06:03 <hostname-redacted> org_kde_powerdevil[1553]: [  1749][3293.854250] (dw_watch_display_connections) Pausing for 1000 millisec
Thg 7 09 09:06:04 <hostname-redacted> org_kde_powerdevil[1553]: [  1749][3295.250307] (dw_watch_display_connections) Time since last return from sleep = 3295125564988 ns = 3295126 ms
Thg 7 09 09:06:04 <hostname-redacted> org_kde_powerdevil[1553]: [  1749][3295.250324] (dw_watch_display_connections) Recently resumed from sleep detected
Thg 7 09 09:06:04 <hostname-redacted> org_kde_powerdevil[1553]: [  1749][3295.250331] (dw_watch_display_connections) Pausing for 1000 millisec
Thg 7 09 09:06:05 <hostname-redacted> org_kde_powerdevil[1553]: [  1749][3296.644114] (dw_watch_display_connections) Time since last return from sleep = 3296519372140 ns = 3296519 ms
Thg 7 09 09:06:05 <hostname-redacted> org_kde_powerdevil[1553]: [  1749][3296.697881] (dw_watch_display_connections) Time since last return from sleep = 3296573139258 ns = 3296573 ms
Thg 7 09 09:06:05 <hostname-redacted> org_kde_powerdevil[1553]: [  1749][3296.751211] (dw_watch_display_connections) Time since last return from sleep = 3296626469097 ns = 3296626 ms
Thg 7 09 09:06:05 <hostname-redacted> org_kde_powerdevil[1553]: [  1749][3296.751232] (dw_watch_display_connections) Recently resumed from sleep detected
Thg 7 09 09:06:05 <hostname-redacted> org_kde_powerdevil[1553]: [  1749][3296.751238] (dw_watch_display_connections) Pausing for 1000 millisec
Thg 7 09 09:06:32 <hostname-redacted> bluetoothd[11165]: src/bearer.c:btd_bearer_disconnected() Unknown disconnection value: 21
Thg 7 09 09:06:32 <hostname-redacted> bluetoothd[11165]: src/device.c:device_disconnected() Unknown disconnection value: 21
Thg 7 09 09:06:32 <hostname-redacted> kded6[1495]: No object for name "bluez_output.AC_80_0A_95_4B_E0.1"
Thg 7 09 09:06:32 <hostname-redacted> plasmashell[1525]: No object for name "bluez_output.AC_80_0A_95_4B_E0.1"
Thg 7 09 09:06:33 <hostname-redacted> bluetoothd[11165]: src/profile.c:ext_io_disconnected() Unable to get io data for Hands-Free Voice gateway: getpeername: Transport endpoint is not connected (107)
Thg 7 09 09:06:33 <hostname-redacted> dbus-broker[589]: A security policy denied :1.166 to send method call /midi/profile:org.bluez.GattProfile1.Release to :1.52.
Thg 7 09 09:06:33 <hostname-redacted> kdeconnectd[1744]: Device discovery aborted due to unexpected adapter changes from another process.
Thg 7 09 09:06:33 <hostname-redacted> bluetoothd[12539]: src/main.c:check_options() Unknown key MinFixedChannelSize for group BR in /etc/bluetooth/main.conf
Thg 7 09 09:06:33 <hostname-redacted> wireplumber[1404]: spa.bluez5.midi: org.bluez.GattManager1.RegisterApplication() failed: GDBus.Error:org.freedesktop.DBus.Error.UnknownMethod: Invalid method call
Thg 7 09 09:06:33 <hostname-redacted> wireplumber[1404]: spa.bluez5.midi.server: org.bluez.GattManager1.RegisterApplication() failed: GDBus.Error:org.freedesktop.DBus.Error.UnknownMethod: Invalid method call
Thg 7 09 09:06:38 <hostname-redacted> plasmashell[1525]: qrc:/qt/qml/plasma/applet/org/kde/plasma/systemtray/ExpandedRepresentation.qml:239: TypeError: Cannot read property 'text' of null
Thg 7 09 09:06:44 <hostname-redacted> bluetoothd[12539]: profiles/audio/a2dp.c:load_remote_sep() Unable to load LastUsed: rseid 3 not found
Thg 7 09 09:07:08 <hostname-redacted> kded6[1495]: No object for name "bluez_output.AC_80_0A_95_4B_E0.1"
Thg 7 09 09:07:08 <hostname-redacted> plasmashell[1525]: No object for name "bluez_output.AC_80_0A_95_4B_E0.1"
Thg 7 09 09:07:08 <hostname-redacted> bluetoothd[12539]: src/profile.c:ext_io_disconnected() Unable to get io data for Hands-Free Voice gateway: getpeername: Transport endpoint is not connected (107)
Thg 7 09 09:07:08 <hostname-redacted> dbus-broker[589]: A security policy denied :1.174 to send method call /midi/profile:org.bluez.GattProfile1.Release to :1.52.
Thg 7 09 09:07:08 <hostname-redacted> kdeconnectd[1744]: Device discovery aborted due to unexpected adapter changes from another process.
Thg 7 09 09:07:10 <hostname-redacted> kdeconnectd[1744]: Cannot find Bluez 5 adapter for device search true
Thg 7 09 09:07:30 <hostname-redacted> kernel: [UFW BLOCK] IN=enp7s0 OUT= MAC=<mac-address-redacted>:<mac-address-redacted>:08:00 SRC=<ipv4-redacted> DST=<ipv4-redacted> LEN=32 TOS=0x00 PREC=0xC0 TTL=1 ID=0 DF PROTO=2 
Thg 7 09 09:07:40 <hostname-redacted> kernel: usb 5-1: device descriptor read/64, error -71
Thg 7 09 09:07:40 <hostname-redacted> kernel: usb 5-1: device descriptor read/64, error -71
Thg 7 09 09:07:40 <hostname-redacted> kernel: Bluetooth: hci0: unexpected event for opcode 0x0000
Thg 7 09 09:07:41 <hostname-redacted> kdeconnectd[1744]: Cannot find Bluez 5 adapter for device search true
Thg 7 09 09:07:42 <hostname-redacted> bluetoothd[12539]: profiles/audio/a2dp.c:load_remote_sep() Unable to load LastUsed: rseid 3 not found
Thg 7 09 09:09:36 <hostname-redacted> kernel: [UFW BLOCK] IN=enp7s0 OUT= MAC=<mac-address-redacted>:<mac-address-redacted>:08:00 SRC=<ipv4-redacted> DST=<ipv4-redacted> LEN=32 TOS=0x00 PREC=0xC0 TTL=1 ID=0 DF PROTO=2 
Thg 7 09 09:10:19 <hostname-redacted> bluetoothd[12539]: src/profile.c:ext_io_disconnected() Unable to get io data for Hands-Free Voice gateway: getpeername: Transport endpoint is not connected (107)
Thg 7 09 09:10:19 <hostname-redacted> wireplumber[1404]: pw.node: (bluez_output.AC_80_0A_95_4B_E0.1-119) running -> error (Received error event)
Thg 7 09 09:10:19 <hostname-redacted> wireplumber[1404]: spa.bluez5: Failure in Bluetooth audio transport /org/bluez/hci0/dev_AC_80_0A_95_4B_E0/fd0
Thg 7 09 09:10:19 <hostname-redacted> pipewire[1402]: pw.node: (bluez_output.AC_80_0A_95_4B_E0.1-119) running -> error (Received error event)
Thg 7 09 09:10:19 <hostname-redacted> plasmashell[1525]: No object for name "bluez_output.AC_80_0A_95_4B_E0.1"
Thg 7 09 09:10:19 <hostname-redacted> kded6[1495]: No object for name "bluez_output.AC_80_0A_95_4B_E0.1"
Thg 7 09 09:10:41 <hostname-redacted> plasmashell[1525]: qrc:/qt/qml/plasma/applet/org/kde/plasma/systemtray/ExpandedRepresentation.qml:239: TypeError: Cannot read property 'text' of null
Thg 7 09 09:11:00 <hostname-redacted> kernel: [UFW BLOCK] IN=enp7s0 OUT= MAC=<mac-address-redacted>:<mac-address-redacted>:08:00 SRC=<ipv4-redacted> DST=<ipv4-redacted> LEN=32 TOS=0x00 PREC=0x00 TTL=1 ID=22488 PROTO=2 
Thg 7 09 09:11:41 <hostname-redacted> kernel: [UFW BLOCK] IN=enp7s0 OUT= MAC=<mac-address-redacted>:<mac-address-redacted>:08:00 SRC=<ipv4-redacted> DST=<ipv4-redacted> LEN=32 TOS=0x00 PREC=0xC0 TTL=1 ID=0 DF PROTO=2 
____________________________________________
journalctl of previous boot

Thg 7 09 07:56:03 cachyos kernel:  #4 #5 #6 #7
Thg 7 09 07:56:03 cachyos kernel: VMSCAPE: SMT on, STIBP is required for full protection. See https://www.kernel.org/doc/html/latest/admin-guide/hw-vuln/vmscape.html for more details.
Thg 7 09 07:56:07 cachyos kernel: amdgpu 0000:09:00.0: amdgpu: psp gfx command LOAD_TA(0x1) failed and response status is (0x7)
Thg 7 09 07:56:07 cachyos kernel: amdgpu 0000:09:00.0: amdgpu: [drm] Failed to setup vendor infoframe on connector HDMI-A-1: -22
Thg 7 09 07:56:10 <hostname-redacted> kernel: asus_wmi: failed to register LPS0 sleep handler in asus-wmi
Thg 7 09 07:56:11 <hostname-redacted> bluetoothd[588]: src/main.c:check_options() Unknown key MinFixedChannelSize for group BR in /etc/bluetooth/main.conf
Thg 7 09 07:56:11 <hostname-redacted> avahi-daemon[587]: *** WARNING: Detected another IPv4 mDNS stack running on this host. This makes mDNS unreliable and is thus not recommended. ***
Thg 7 09 07:56:11 <hostname-redacted> avahi-daemon[587]: *** WARNING: Detected another IPv6 mDNS stack running on this host. This makes mDNS unreliable and is thus not recommended. ***
Thg 7 09 07:56:11 <hostname-redacted> dbus-broker-launch[582]: Activation request for 'org.freedesktop.home1' failed: The systemd unit 'dbus-org.freedesktop.home1.service' could not be found.
Thg 7 09 07:56:12 <hostname-redacted> dbus-broker-launch[716]: Service file '/usr/share/dbus-1/services/org.kde.dolphin.FileManager1.service' is not named after the D-Bus name 'org.freedesktop.FileManager1'.
Thg 7 09 07:56:12 <hostname-redacted> dbus-broker-launch[716]: Service file '/usr/share/dbus-1/services/org.kde.kscreen.service' is not named after the D-Bus name 'org.kde.KScreen'.
Thg 7 09 07:56:12 <hostname-redacted> dbus-broker-launch[716]: Service file '/usr/share/dbus-1/services/org.kde.plasma.Notifications.service' is not named after the D-Bus name 'org.freedesktop.Notifications'.
Thg 7 09 07:56:13 <hostname-redacted> plasma-login-greeter[756]: QDBusConnection: name 'org.freedesktop.UPower' had owner '' but we thought it was ':1.24'
Thg 7 09 07:56:15 <hostname-redacted> pipewire[758]: spa.v4l2: error: Input/output error
Thg 7 09 07:56:16 <hostname-redacted> kernel: [UFW BLOCK] IN=enp7s0 OUT= MAC= SRC=fe80:0000:0000:0000:1183:b7da:c623:032b DST=ff02:0000:0000:0000:0000:0000:0001:0003 LEN=80 TC=0 HOPLIMIT=255 FLOWLBL=395829 PROTO=UDP SPT=5355 DPT=5355 LEN=40 
Thg 7 09 07:56:16 <hostname-redacted> kernel: [UFW BLOCK] IN=enp7s0 OUT= MAC= SRC=fe80:0000:0000:0000:1183:b7da:c623:032b DST=ff02:0000:0000:0000:0000:0000:0001:0003 LEN=80 TC=0 HOPLIMIT=255 FLOWLBL=395829 PROTO=UDP SPT=5355 DPT=5355 LEN=40 
Thg 7 09 07:56:16 <hostname-redacted> kernel: [UFW BLOCK] IN=enp7s0 OUT= MAC= SRC=fe80:0000:0000:0000:1183:b7da:c623:032b DST=ff02:0000:0000:0000:0000:0000:0001:0003 LEN=80 TC=0 HOPLIMIT=255 FLOWLBL=395829 PROTO=UDP SPT=5355 DPT=5355 LEN=40 
Thg 7 09 07:56:17 <hostname-redacted> kernel: [UFW BLOCK] IN=enp7s0 OUT= MAC= SRC=<ipv4-redacted> DST=<ipv4-redacted> LEN=60 TOS=0x00 PREC=0x00 TTL=255 ID=30526 PROTO=UDP SPT=5355 DPT=5355 LEN=40 
Thg 7 09 07:56:17 <hostname-redacted> kernel: [UFW BLOCK] IN=enp7s0 OUT= MAC= SRC=<ipv4-redacted> DST=<ipv4-redacted> LEN=60 TOS=0x00 PREC=0x00 TTL=255 ID=30629 PROTO=UDP SPT=5355 DPT=5355 LEN=40 
Thg 7 09 07:56:17 <hostname-redacted> kernel: [UFW BLOCK] IN=enp7s0 OUT= MAC= SRC=<ipv4-redacted> DST=<ipv4-redacted> LEN=60 TOS=0x00 PREC=0x00 TTL=255 ID=30708 PROTO=UDP SPT=5355 DPT=5355 LEN=40 
Thg 7 09 07:56:18 <hostname-redacted> avahi-daemon[587]: Host name conflict, retrying with <hostname-redacted>-2
Thg 7 09 07:56:18 <hostname-redacted> avahi-daemon[587]: Host name conflict, retrying with <hostname-redacted>-3
Thg 7 09 07:56:19 <hostname-redacted> kernel: [UFW BLOCK] IN=enp7s0 OUT= MAC=<mac-address-redacted>:<mac-address-redacted>:08:00 SRC=<ipv4-redacted> DST=<ipv4-redacted> LEN=32 TOS=0x00 PREC=0x00 TTL=1 ID=619 PROTO=2 
Thg 7 09 07:56:23 <hostname-redacted> dbus-broker-launch[1346]: Service file '/usr/share/dbus-1/services/org.kde.dolphin.FileManager1.service' is not named after the D-Bus name 'org.freedesktop.FileManager1'.
Thg 7 09 07:56:23 <hostname-redacted> dbus-broker-launch[1346]: Service file '/usr/share/dbus-1/services/org.kde.kscreen.service' is not named after the D-Bus name 'org.kde.KScreen'.
Thg 7 09 07:56:23 <hostname-redacted> dbus-broker-launch[1346]: Service file '/usr/share/dbus-1/services/org.kde.plasma.Notifications.service' is not named after the D-Bus name 'org.freedesktop.Notifications'.
Thg 7 09 07:56:23 <hostname-redacted> pipewire[1420]: mod.rt: could not set nice-level to -11: Permission denied
Thg 7 09 07:56:23 <hostname-redacted> wireplumber[1422]: mod.rt: could not set nice-level to -11: Permission denied
Thg 7 09 07:56:24 <hostname-redacted> kded6[1513]: QDBusObjectPath: invalid path "/modules/wpad-detector"
Thg 7 09 07:56:24 <hostname-redacted> kded6[1513]: The kded module name "wpad-detector" is invalid!
Thg 7 09 07:56:24 <hostname-redacted> kernel: nvme nvme0: using unchecked data buffer
Thg 7 09 07:56:24 <hostname-redacted> pipewire-pulse[1660]: mod.rt: could not set nice-level to -11: Permission denied
Thg 7 09 07:56:24 <hostname-redacted> plasmashell[1542]: Member visible of the object PlasmaQuick::Dialog overrides a member of the base object. Consider renaming it or adding final or override specifier
Thg 7 09 07:56:24 <hostname-redacted> plasmashell[1542]: Member enabled of the object DeclarativeDropArea overrides a member of the base object. Consider renaming it or adding final or override specifier
Thg 7 09 07:56:24 <hostname-redacted> kded6[1513]: Failed to connect to Bolt manager DBus interface: 
Thg 7 09 07:56:24 <hostname-redacted> dbus-broker-launch[582]: Activation request for 'org.freedesktop.ModemManager1' failed: The systemd unit 'dbus-org.freedesktop.ModemManager1.service' could not be found.
Thg 7 09 07:56:24 <hostname-redacted> kded6[1513]: Failed enumerating MM objects: "org.freedesktop.DBus.Error.NameHasNoOwner" 
                                               "Could not activate remote peer 'org.freedesktop.ModemManager1': activation request failed: unknown unit"
Thg 7 09 07:56:24 <hostname-redacted> plasmashell[1542]: Connecting to deprecated signal QDBusConnectionInterface::serviceOwnerChanged(QString,QString,QString)
Thg 7 09 07:56:25 <hostname-redacted> org_kde_powerdevil[1570]: [  1570] busno=0, Feature 0xdd should not exist but ddc_get_nontable_vcp_value() succeeds, returning mh=0xff ml=0xff sh=0x00 sl=0x00
Thg 7 09 07:56:25 <hostname-redacted> org_kde_powerdevil[1570]: [  1570] busno=0, Feature 0x41 should not exist but ddc_get_nontable_vcp_value() succeeds, returning mh=0xff ml=0xff sh=0x00 sl=0x00
Thg 7 09 07:56:25 <hostname-redacted> org_kde_powerdevil[1570]: [  1570] busno=0, Feature 0x00 should not exist but ddc_get_nontable_vcp_value() succeeds, returning mh=0xff ml=0xff sh=0x00 sl=0x00
Thg 7 09 07:56:25 <hostname-redacted> org_kde_powerdevil[1570]: [  1570] busno=0, All features that should not exist detected. Monitor does not indicate unsupported
Thg 7 09 07:56:25 <hostname-redacted> pipewire[1420]: spa.v4l2: error: Input/output error
Thg 7 09 07:56:25 <hostname-redacted> org_kde_powerdevil[1570]: [  1570] Watching for DPMS state changes unimplemented
Thg 7 09 07:56:25 <hostname-redacted> org_kde_powerdevil[1570]: [  1570][  1.547317] Time since library initialized:   1.547316 seconds
Thg 7 09 07:56:25 <hostname-redacted> org_kde_powerdevil[1570]: [  1570][  1.547323] Extra delay starting dw_start_watch_displays: 0 millisec
Thg 7 09 07:56:26 <hostname-redacted> backlighthelper[1778]: no kernel backlight interface found
Thg 7 09 07:56:26 <hostname-redacted> org_kde_powerdevil[1570]: org.kde.powerdevil.chargethresholdhelper.getthreshold failed "Charge thresholds are not supported by the kernel for this hardware"
Thg 7 09 07:56:26 <hostname-redacted> org_kde_powerdevil[1570]: org.kde.powerdevil.backlighthelper.brightness failed
Thg 7 09 07:56:26 <hostname-redacted> org_kde_powerdevil[1570]: Handle button events action could not check for screen configuration
Thg 7 09 07:56:26 <hostname-redacted> org_kde_powerdevil[1570]: org.kde.powerdevil.chargethresholdhelper.getthreshold failed "Charge thresholds are not supported by the kernel for this hardware"
Thg 7 09 07:56:26 <hostname-redacted> /usr/lib/xdg-desktop-portal[1811]: Choosing gtk.portal for org.freedesktop.impl.portal.Lockdown as a last-resort fallback
Thg 7 09 07:56:26 <hostname-redacted> python3[1824]: QSystemTrayIcon::setVisible: No Icon set
Thg 7 09 07:56:27 <hostname-redacted> kernel: [UFW BLOCK] IN=enp7s0 OUT= MAC=<mac-address-redacted>:<mac-address-redacted>:08:00 SRC=<ipv4-redacted> DST=<ipv4-redacted> LEN=32 TOS=0x00 PREC=0xC0 TTL=1 ID=0 DF PROTO=2 
Thg 7 09 07:56:27 <hostname-redacted> plasmashell[1542]: Final member StackingOrder is overridden in class QQmlDMAbstractItemModelData. The override won't be used.
Thg 7 09 07:56:27 <hostname-redacted> xdg-desktop-portal-kde[1878]: Namespace  "org.gnome.desktop.interface"  is not supported
Thg 7 09 07:56:27 <hostname-redacted> ksmserver[1511]: Failed to register with host portal QDBusError("org.freedesktop.portal.Error.Failed", "Could not register app ID: App info not found for 'org.kde.ksmserver'")
Thg 7 09 07:56:27 <hostname-redacted> xdg-desktop-portal-kde[1878]: Namespace  "org.gnome.desktop.interface"  is not supported
Thg 7 09 07:56:27 <hostname-redacted> gmenudbusmenuproxy[1567]: Failed to register with host portal QDBusError("org.freedesktop.portal.Error.Failed", "Could not register app ID: App info not found for 'org.kde.gmenudbusmenuproxy'")
Thg 7 09 07:56:27 <hostname-redacted> xembedsniproxy[1574]: Failed to register with host portal QDBusError("org.freedesktop.portal.Error.Failed", "Could not register app ID: App info not found for 'org.kde.xembedsniproxy'")
Thg 7 09 07:56:27 <hostname-redacted> kactivitymanagerd[1566]: Failed to register with host portal QDBusError("org.freedesktop.portal.Error.Failed", "Could not register app ID: App info not found for 'org.kde.ActivityManager'")
Thg 7 09 07:56:27 <hostname-redacted> polkit-kde-authentication-agent-1[1569]: Failed to register with host portal QDBusError("org.freedesktop.portal.Error.Failed", "Could not register app ID: Unable to open /proc/1569/root")
Thg 7 09 07:56:27 <hostname-redacted> kded6[1513]: Failed to register with host portal QDBusError("org.freedesktop.portal.Error.Failed", "Could not register app ID: App info not found for 'org.kde.kded6'")
Thg 7 09 07:56:27 <hostname-redacted> org_kde_powerdevil[1570]: Failed to register with host portal QDBusError("org.freedesktop.portal.Error.Failed", "Could not register app ID: App info not found for 'org.kde.org_kde_powerdevil'")
Thg 7 09 07:56:27 <hostname-redacted> kded6[1513]: Failed to register with host portal QDBusError("org.freedesktop.portal.Error.Failed", "Could not register app ID: App info not found for 'org.kde.kded6'")
Thg 7 09 07:56:27 <hostname-redacted> kactivitymanagerd[1566]: Failed to register with host portal QDBusError("org.freedesktop.portal.Error.Failed", "Could not register app ID: App info not found for 'org.kde.ActivityManager'")
Thg 7 09 07:56:27 <hostname-redacted> xembedsniproxy[1574]: Failed to register with host portal QDBusError("org.freedesktop.portal.Error.Failed", "Could not register app ID: App info not found for 'org.kde.xembedsniproxy'")
Thg 7 09 07:56:27 <hostname-redacted> ksecretd[1255]: Failed to register with host portal QDBusError("org.freedesktop.portal.Error.Failed", "Could not register app ID: Connection already associated with an application ID")
Thg 7 09 07:56:27 <hostname-redacted> ksmserver[1511]: Failed to register with host portal QDBusError("org.freedesktop.portal.Error.Failed", "Could not register app ID: App info not found for 'org.kde.ksmserver'")
Thg 7 09 07:56:27 <hostname-redacted> gmenudbusmenuproxy[1567]: Failed to register with host portal QDBusError("org.freedesktop.portal.Error.Failed", "Could not register app ID: App info not found for 'org.kde.gmenudbusmenuproxy'")
Thg 7 09 07:56:27 <hostname-redacted> kaccess[1568]: Failed to register with host portal QDBusError("org.freedesktop.portal.Error.Failed", "Could not register app ID: Connection already associated with an application ID")
Thg 7 09 07:56:27 <hostname-redacted> org_kde_powerdevil[1570]: Failed to register with host portal QDBusError("org.freedesktop.portal.Error.Failed", "Could not register app ID: Connection already associated with an application ID")
Thg 7 09 07:56:27 <hostname-redacted> xdg-desktop-portal-kde[1878]: Failed to register with host portal QDBusError("org.freedesktop.portal.Error.Failed", "Could not register app ID: Connection already associated with an application ID")
Thg 7 09 07:56:27 <hostname-redacted> polkit-kde-authentication-agent-1[1569]: Failed to register with host portal QDBusError("org.freedesktop.portal.Error.Failed", "Could not register app ID: Unable to open /proc/1569/root")
Thg 7 09 07:56:27 <hostname-redacted> kdeconnectd[1751]: Failed to register with host portal QDBusError("org.freedesktop.portal.Error.Failed", "Could not register app ID: Connection already associated with an application ID")
Thg 7 09 07:56:27 <hostname-redacted> xdg-desktop-portal-kde[1878]: Namespace  "org.gnome.desktop.interface"  is not supported
Thg 7 09 07:56:27 <hostname-redacted> xdg-desktop-portal-kde[1878]: Namespace  "org.gnome.desktop.interface"  is not supported
Thg 7 09 07:56:27 <hostname-redacted> python3[1824]: Failed to register with host portal QDBusError("org.freedesktop.portal.Error.Failed", "Could not register app ID: App info not found for ''")
Thg 7 09 07:56:27 <hostname-redacted> plasmashell[1542]: Failed to register with host portal QDBusError("org.freedesktop.portal.Error.Failed", "Could not register app ID: Connection already associated with an application ID")
Thg 7 09 07:56:27 <hostname-redacted> plasmalogin[684]: Auth: plasmalogin-helper exited with 255
Thg 7 09 07:56:29 <hostname-redacted> kwalletd6[2118]: g_dbus_proxy_get_object_path: assertion 'G_IS_DBUS_PROXY (proxy)' failed
Thg 7 09 07:56:29 <hostname-redacted> kwalletd6[2118]: Failed to register with host portal QDBusError("org.freedesktop.portal.Error.Failed", "Could not register app ID: App info not found for 'org.kde.kwalletd'")
Thg 7 09 07:56:34 <hostname-redacted> kernel: [UFW BLOCK] IN=enp7s0 OUT= MAC=<mac-address-redacted>:<mac-address-redacted>:08:00 SRC=<ipv4-redacted> DST=<ipv4-redacted> LEN=32 TOS=0x00 PREC=0xC0 TTL=1 ID=0 DF PROTO=2 
Thg 7 09 07:57:25 <hostname-redacted> plasmashell[1542]: Property 'onPressed' of object QQuickMouseArea_QML_727(0x55eb5d6d2090) is a signal handler. You should not call it directly. Make it a proper function and call that or emit the signal.
Thg 7 09 07:58:31 <hostname-redacted> kernel: [UFW BLOCK] IN=enp7s0 OUT= MAC=<mac-address-redacted>:<mac-address-redacted>:08:00 SRC=<ipv4-redacted> DST=<ipv4-redacted> LEN=32 TOS=0x00 PREC=0xC0 TTL=1 ID=0 DF PROTO=2 
Thg 7 09 07:58:31 <hostname-redacted> kernel: [UFW BLOCK] IN=enp7s0 OUT= MAC=<mac-address-redacted>:<mac-address-redacted>:08:00 SRC=<ipv4-redacted> DST=<ipv4-redacted> LEN=32 TOS=0x00 PREC=0xC0 TTL=1 ID=0 DF PROTO=2 
Thg 7 09 07:59:35 <hostname-redacted> python3[1824]: uint DBusMenuExporterDBus::GetLayout(int, int, const QStringList&, DBusMenuLayoutItem&): Condition failed: menu
Thg 7 09 07:59:36 <hostname-redacted> python3[1824]: uint DBusMenuExporterDBus::GetLayout(int, int, const QStringList&, DBusMenuLayoutItem&): Condition failed: menu
Thg 7 09 07:59:37 <hostname-redacted> python3[1824]: uint DBusMenuExporterDBus::GetLayout(int, int, const QStringList&, DBusMenuLayoutItem&): Condition failed: menu
Thg 7 09 07:59:37 <hostname-redacted> python3[1824]: uint DBusMenuExporterDBus::GetLayout(int, int, const QStringList&, DBusMenuLayoutItem&): Condition failed: menu
Thg 7 09 07:59:47 <hostname-redacted> python3[1824]: uint DBusMenuExporterDBus::GetLayout(int, int, const QStringList&, DBusMenuLayoutItem&): Condition failed: menu
Thg 7 09 07:59:47 <hostname-redacted> python3[1824]: uint DBusMenuExporterDBus::GetLayout(int, int, const QStringList&, DBusMenuLayoutItem&): Condition failed: menu
Thg 7 09 08:00:36 <hostname-redacted> kernel: [UFW BLOCK] IN=enp7s0 OUT= MAC=<mac-address-redacted>:<mac-address-redacted>:08:00 SRC=<ipv4-redacted> DST=<ipv4-redacted> LEN=32 TOS=0x00 PREC=0xC0 TTL=1 ID=0 DF PROTO=2 
Thg 7 09 08:00:37 <hostname-redacted> kernel: [UFW BLOCK] IN=enp7s0 OUT= MAC=<mac-address-redacted>:<mac-address-redacted>:08:00 SRC=<ipv4-redacted> DST=<ipv4-redacted> LEN=32 TOS=0x00 PREC=0xC0 TTL=1 ID=0 DF PROTO=2 
Thg 7 09 08:02:42 <hostname-redacted> kernel: [UFW BLOCK] IN=enp7s0 OUT= MAC=<mac-address-redacted>:<mac-address-redacted>:08:00 SRC=<ipv4-redacted> DST=<ipv4-redacted> LEN=32 TOS=0x00 PREC=0xC0 TTL=1 ID=0 DF PROTO=2 
Thg 7 09 08:04:47 <hostname-redacted> kernel: [UFW BLOCK] IN=enp7s0 OUT= MAC=<mac-address-redacted>:<mac-address-redacted>:08:00 SRC=<ipv4-redacted> DST=<ipv4-redacted> LEN=32 TOS=0x00 PREC=0xC0 TTL=1 ID=0 DF PROTO=2 
Thg 7 09 08:06:22 <hostname-redacted> kernel: [UFW BLOCK] IN=enp7s0 OUT= MAC=<mac-address-redacted>:<mac-address-redacted>:08:00 SRC=<ipv4-redacted> DST=<ipv4-redacted> LEN=32 TOS=0x00 PREC=0x00 TTL=1 ID=38882 PROTO=2 
Thg 7 09 08:06:29 <hostname-redacted> kernel: [UFW BLOCK] IN=enp7s0 OUT= MAC=<mac-address-redacted>:<mac-address-redacted>:08:00 SRC=<ipv4-redacted> DST=<ipv4-redacted> LEN=32 TOS=0x00 PREC=0x00 TTL=1 ID=17655 PROTO=2 
Thg 7 09 08:06:53 <hostname-redacted> kernel: [UFW BLOCK] IN=enp7s0 OUT= MAC=<mac-address-redacted>:<mac-address-redacted>:08:00 SRC=<ipv4-redacted> DST=<ipv4-redacted> LEN=32 TOS=0x00 PREC=0xC0 TTL=1 ID=0 DF PROTO=2 
Thg 7 09 08:07:45 <hostname-redacted> kernel: [UFW BLOCK] IN=enp7s0 OUT= MAC=<mac-address-redacted>:<mac-address-redacted>:86:dd SRC=2600:1900:4110:086f:0000:0000:0000:0000 DST=2001:0ee0:7014:093b:e208:86c2:3b07:e0d6 LEN=118 TC=0 HOPLIMIT=59 FLOWLBL=729393 PROTO=TCP SPT=443 DPT=43772 WINDOW=1053 RES=0x00 ACK PSH URGP=0 
Thg 7 09 08:07:46 <hostname-redacted> kernel: [UFW BLOCK] IN=enp7s0 OUT= MAC=<mac-address-redacted>:<mac-address-redacted>:86:dd SRC=2600:1900:4110:086f:0000:0000:0000:0000 DST=2001:0ee0:7014:093b:e208:86c2:3b07:e0d6 LEN=118 TC=0 HOPLIMIT=59 FLOWLBL=729393 PROTO=TCP SPT=443 DPT=43772 WINDOW=1053 RES=0x00 ACK PSH URGP=0 
Thg 7 09 08:07:46 <hostname-redacted> kernel: [UFW BLOCK] IN=enp7s0 OUT= MAC=<mac-address-redacted>:<mac-address-redacted>:86:dd SRC=2600:1900:4110:086f:0000:0000:0000:0000 DST=2001:0ee0:7014:093b:e208:86c2:3b07:e0d6 LEN=118 TC=0 HOPLIMIT=59 FLOWLBL=391625 PROTO=TCP SPT=443 DPT=43772 WINDOW=1053 RES=0x00 ACK PSH URGP=0 
Thg 7 09 08:07:46 <hostname-redacted> kernel: [UFW BLOCK] IN=enp7s0 OUT= MAC=<mac-address-redacted>:<mac-address-redacted>:86:dd SRC=2600:1900:4110:086f:0000:0000:0000:0000 DST=2001:0ee0:7014:093b:e208:86c2:3b07:e0d6 LEN=118 TC=0 HOPLIMIT=59 FLOWLBL=990982 PROTO=TCP SPT=443 DPT=43772 WINDOW=1053 RES=0x00 ACK PSH URGP=0 
Thg 7 09 08:07:48 <hostname-redacted> kernel: [UFW BLOCK] IN=enp7s0 OUT= MAC=<mac-address-redacted>:<mac-address-redacted>:86:dd SRC=2600:1900:4110:086f:0000:0000:0000:0000 DST=2001:0ee0:7014:093b:e208:86c2:3b07:e0d6 LEN=118 TC=0 HOPLIMIT=59 FLOWLBL=764312 PROTO=TCP SPT=443 DPT=43772 WINDOW=1053 RES=0x00 ACK PSH URGP=0 
Thg 7 09 08:07:50 <hostname-redacted> kernel: [UFW BLOCK] IN=enp7s0 OUT= MAC=<mac-address-redacted>:<mac-address-redacted>:86:dd SRC=2600:1900:4110:086f:0000:0000:0000:0000 DST=2001:0ee0:7014:093b:e208:86c2:3b07:e0d6 LEN=118 TC=0 HOPLIMIT=59 FLOWLBL=258851 PROTO=TCP SPT=443 DPT=43772 WINDOW=1053 RES=0x00 ACK PSH URGP=0 
Thg 7 09 08:07:54 <hostname-redacted> kernel: [UFW BLOCK] IN=enp7s0 OUT= MAC=<mac-address-redacted>:<mac-address-redacted>:86:dd SRC=2600:1900:4110:086f:0000:0000:0000:0000 DST=2001:0ee0:7014:093b:e208:86c2:3b07:e0d6 LEN=118 TC=0 HOPLIMIT=59 FLOWLBL=208885 PROTO=TCP SPT=443 DPT=43772 WINDOW=1053 RES=0x00 ACK PSH URGP=0 
Thg 7 09 08:08:03 <hostname-redacted> kernel: [UFW BLOCK] IN=enp7s0 OUT= MAC=<mac-address-redacted>:<mac-address-redacted>:86:dd SRC=2600:1900:4110:086f:0000:0000:0000:0000 DST=2001:0ee0:7014:093b:e208:86c2:3b07:e0d6 LEN=118 TC=0 HOPLIMIT=59 FLOWLBL=720090 PROTO=TCP SPT=443 DPT=43772 WINDOW=1053 RES=0x00 ACK PSH URGP=0 
Thg 7 09 08:08:19 <hostname-redacted> kernel: [UFW BLOCK] IN=enp7s0 OUT= MAC=<mac-address-redacted>:<mac-address-redacted>:86:dd SRC=2600:1900:4110:086f:0000:0000:0000:0000 DST=2001:0ee0:7014:093b:e208:86c2:3b07:e0d6 LEN=118 TC=0 HOPLIMIT=59 FLOWLBL=958276 PROTO=TCP SPT=443 DPT=43772 WINDOW=1053 RES=0x00 ACK PSH URGP=0 
Thg 7 09 08:08:58 <hostname-redacted> kernel: [UFW BLOCK] IN=enp7s0 OUT= MAC=<mac-address-redacted>:<mac-address-redacted>:08:00 SRC=<ipv4-redacted> DST=<ipv4-redacted> LEN=32 TOS=0x00 PREC=0xC0 TTL=1 ID=0 DF PROTO=2 
Thg 7 09 08:09:57 <hostname-redacted> org_kde_powerdevil[1570]: [  1756][812.864044] (dw_watch_display_connections) Time since last return from sleep = 814167020675 ns = 814167 ms
Thg 7 09 08:09:57 <hostname-redacted> kwin_wayland[1360]: Failed to open drm device 
Thg 7 09 08:09:57 <hostname-redacted> kwin_wayland[1360]: Failed to open drm device 
Thg 7 09 08:09:57 <hostname-redacted> kwin_wayland[1360]: Failed to open drm device 
Thg 7 09 08:09:57 <hostname-redacted> org_kde_powerdevil[1570]: [  1756][812.921974] (dw_watch_display_connections) Time since last return from sleep = 814224950395 ns = 814225 ms
Thg 7 09 08:09:57 <hostname-redacted> org_kde_powerdevil[1570]: [  1756][812.976332] (dw_watch_display_connections) Time since last return from sleep = 814279308469 ns = 814279 ms
Thg 7 09 08:09:57 <hostname-redacted> org_kde_powerdevil[1570]: [  1756][813.028778] (dw_watch_display_connections) Time since last return from sleep = 814331754553 ns = 814332 ms
Thg 7 09 08:09:57 <hostname-redacted> org_kde_powerdevil[1570]: [  1756][813.082291] (dw_watch_display_connections) Time since last return from sleep = 814385267144 ns = 814385 ms
Thg 7 09 08:09:57 <hostname-redacted> org_kde_powerdevil[1570]: [  1756][813.135537] (dw_watch_display_connections) Time since last return from sleep = 814438513336 ns = 814439 ms
Thg 7 09 08:09:57 <hostname-redacted> org_kde_powerdevil[1570]: [  1756][813.188725] (dw_watch_display_connections) Time since last return from sleep = 814491701249 ns = 814492 ms
Thg 7 09 08:09:57 <hostname-redacted> org_kde_powerdevil[1570]: [  1756][813.241955] (dw_watch_display_connections) Time since last return from sleep = 814544931892 ns = 814545 ms
Thg 7 09 08:09:57 <hostname-redacted> org_kde_powerdevil[1570]: [  1756][813.294162] (dw_watch_display_connections) Time since last return from sleep = 814597139129 ns = 814597 ms
Thg 7 09 08:09:57 <hostname-redacted> org_kde_powerdevil[1570]: [  1756][813.346840] (dw_watch_display_connections) Time since last return from sleep = 814649816958 ns = 814650 ms
Thg 7 09 08:09:57 <hostname-redacted> org_kde_powerdevil[1570]: [  1756][813.398574] (dw_watch_display_connections) Time since last return from sleep = 814701550628 ns = 814702 ms
Thg 7 09 08:09:57 <hostname-redacted> org_kde_powerdevil[1570]: [  1756][813.451878] (dw_watch_display_connections) Time since last return from sleep = 814754855130 ns = 814755 ms
Thg 7 09 08:10:03 <hostname-redacted> kernel: [UFW BLOCK] IN=enp7s0 OUT= MAC=<mac-address-redacted>:<mac-address-redacted>:08:00 SRC=<ipv4-redacted> DST=<ipv4-redacted> LEN=32 TOS=0x00 PREC=0x00 TTL=1 ID=31475 PROTO=2 
Thg 7 09 08:10:25 <hostname-redacted> plasmalogin[684]: Authentication error: PLASMALOGIN::Auth::ERROR_INTERNAL "Process crashed"
Thg 7 09 08:10:25 <hostname-redacted> plasmalogin[684]: Auth: plasmalogin-helper (--socket /tmp/plasmalogin-auth-8c27721c-d952-4a3c-8616-f2ae5c7bdb16 --id 1 --start /usr/lib/plasma-dbus-run-session-if-needed /usr/bin/startplasma-wayland --user <username-redacted>) crashed (exit code 1)
Thg 7 09 08:10:25 <hostname-redacted> plasmalogin[684]: Authentication error: PLASMALOGIN::Auth::ERROR_INTERNAL "Process crashed"
Thg 7 09 08:10:25 <hostname-redacted> plasmalogin[684]: Auth: plasmalogin-helper exited with 1
Thg 7 09 08:10:25 <hostname-redacted> dbus-broker[583]: A security policy denied :1.4 to send method call /midi/profile:org.bluez.GattProfile1.Release to :1.52.
Thg 7 09 08:10:25 <hostname-redacted> kdeconnectd[1751]: Device discovery aborted due to unexpected adapter changes from another process.
Thg 7 09 08:10:25 <hostname-redacted> dbus-broker-launch[582]: Activation request for 'org.bluez' failed.
Thg 7 09 08:10:25 <hostname-redacted> dbus-broker-launch[582]: Activation request for 'org.freedesktop.UDisks2' failed.
Thg 7 09 08:10:25 <hostname-redacted> kded6[1513]: Failed enumerating UDisks2 objects: "org.freedesktop.DBus.Error.NameHasNoOwner" "\n" "Could not activate remote peer 'org.freedesktop.UDisks2': activation request failed: unit is invalid"
Thg 7 09 08:10:25 <hostname-redacted> kwin_wayland[1360]: Failed to find a working output layer configuration! Enabled layers:
Thg 7 09 08:10:25 <hostname-redacted> kwin_wayland[1360]: src KWin::RectF(0,0 1920x1080) -> dst KWin::Rect(0,0 1920x1080)
Thg 7 09 08:10:25 <hostname-redacted> kwin_wayland[1360]: Applying output configuration failed!
Thg 7 09 08:10:25 <hostname-redacted> kwin_wayland[1360]: atomic commit failed: Permission denied
Thg 7 09 08:10:25 <hostname-redacted> plasmashell[1542]: context kaput
Thg 7 09 08:10:25 <hostname-redacted> plasmashell[1542]: No object for name "alsa_output.pci-0000_09_00.6.analog-stereo"
Thg 7 09 08:10:25 <hostname-redacted> plasmashell[1542]: qrc:/qt/qml/plasma/applet/org/kde/plasma/volume/main.qml:117: TypeError: Cannot read property 'description' of undefined
Thg 7 09 08:10:25 <hostname-redacted> plasmashell[1542]: No object for name "alsa_output.pci-0000_09_00.6.analog-stereo"
Thg 7 09 08:10:25 <hostname-redacted> plasmashell[1542]: No object for name "alsa_output.pci-0000_09_00.6.analog-stereo"
Thg 7 09 08:10:25 <hostname-redacted> plasmashell[1542]: No object for name "alsa_input.usb-046d_C270_HD_WEBCAM_3063E360-02.mono-fallback"
Thg 7 09 08:10:25 <hostname-redacted> dbus-broker-launch[582]: Activation request for 'org.bluez' failed.
Thg 7 09 08:10:25 <hostname-redacted> dbus-broker-launch[582]: Activation request for 'org.freedesktop.UDisks2' failed.
Thg 7 09 08:10:25 <hostname-redacted> kded6[1513]: Failed enumerating UDisks2 objects: "org.freedesktop.DBus.Error.NameHasNoOwner" "\n" "Could not activate remote peer 'org.freedesktop.UDisks2': activation request failed: unit is invalid"
Thg 7 09 08:10:25 <hostname-redacted> org_kde_powerdevil[1570]: [  1756][841.042080] (dw_watch_display_connections) Time since last return from sleep = 842345056528 ns = 842345 ms
Thg 7 09 08:10:25 <hostname-redacted> dbus-broker[583]: A security policy denied :1.40 to send method call /org/freedesktop/PolicyKit1/Authority:org.freedesktop.PolicyKit1.Authority.CheckAuthorization to :1.22.
Thg 7 09 08:10:25 <hostname-redacted> dbus-broker[583]: A security policy denied :1.40 to send method call /org/freedesktop/PolicyKit1/Authority:org.freedesktop.PolicyKit1.Authority.CheckAuthorization to :1.22.
Thg 7 09 08:10:25 <hostname-redacted> systemd[1]: sys-devices-pci0000:00-0000:00:08.1-0000:09:00.3-usb3-3\x2d2-3\x2d2:1.2-sound-card2-controlC2.device: Failed to enqueue SYSTEMD_WANTS job, ignoring: Transaction for sound.target/start is destructive (reboot.target has 'start' job queued, but 'stop' is included in transaction).
Thg 7 09 08:10:25 <hostname-redacted> dbus-broker[583]: A security policy denied :1.40 to send method call /org/freedesktop/PolicyKit1/Authority:org.freedesktop.PolicyKit1.Authority.CheckAuthorization to :1.22.
Thg 7 09 08:10:25 <hostname-redacted> dbus-broker[583]: A security policy denied :1.40 to send method call /org/freedesktop/PolicyKit1/Authority:org.freedesktop.PolicyKit1.Authority.CheckAuthorization to :1.22.
Thg 7 09 08:10:25 <hostname-redacted> dbus-broker-launch[582]: Activation request for 'org.bluez' failed.
Thg 7 09 08:10:25 <hostname-redacted> dbus-broker[583]: A security policy denied :1.40 to send method call /org/freedesktop/PolicyKit1/Authority:org.freedesktop.PolicyKit1.Authority.CheckAuthorization to :1.22.
Thg 7 09 08:10:25 <hostname-redacted> dbus-broker[583]: A security policy denied :1.40 to send method call /org/freedesktop/PolicyKit1/Authority:org.freedesktop.PolicyKit1.Authority.CheckAuthorization to :1.22.
Thg 7 09 08:10:25 <hostname-redacted> dbus-broker[583]: A security policy denied :1.40 to send method call /org/freedesktop/PolicyKit1/Authority:org.freedesktop.PolicyKit1.Authority.CheckAuthorization to :1.22.
Thg 7 09 08:10:25 <hostname-redacted> dbus-broker[583]: A security policy denied :1.40 to send method call /org/freedesktop/PolicyKit1/Authority:org.freedesktop.PolicyKit1.Authority.CheckAuthorization to :1.22.
Thg 7 09 08:10:25 <hostname-redacted> dbus-broker[583]: A security policy denied :1.40 to send method call /org/freedesktop/PolicyKit1/Authority:org.freedesktop.PolicyKit1.Authority.CheckAuthorization to :1.22.
Thg 7 09 08:10:25 <hostname-redacted> kded6[1513]: context kaput
Thg 7 09 08:10:25 <hostname-redacted> kded6[1513]: No object for name "alsa_output.pci-0000_09_00.6.analog-stereo"
Thg 7 09 08:10:25 <hostname-redacted> dbus-broker[583]: A security policy denied :1.40 to send method call /org/freedesktop/PolicyKit1/Authority:org.freedesktop.PolicyKit1.Authority.CheckAuthorization to :1.22.
Thg 7 09 08:10:25 <hostname-redacted> kded6[1513]: No object for name "alsa_output.pci-0000_09_00.6.analog-stereo"
Thg 7 09 08:10:25 <hostname-redacted> kded6[1513]: No object for name "alsa_output.pci-0000_09_00.6.analog-stereo"
Thg 7 09 08:10:25 <hostname-redacted> kded6[1513]: No object for name "alsa_input.usb-046d_C270_HD_WEBCAM_3063E360-02.mono-fallback"
Thg 7 09 08:10:25 <hostname-redacted> kded6[1513]: PendingCall Error: "Could not activate remote peer 'org.bluez': activation request failed: unit is invalid"
Thg 7 09 08:10:25 <hostname-redacted> systemd[1]: sys-devices-pci0000:00-0000:00:08.1-0000:09:00.6-sound-card1-controlC1.device: Failed to enqueue SYSTEMD_WANTS job, ignoring: Transaction for sound.target/start is destructive (systemd-reboot.service has 'start' job queued, but 'stop' is included in transaction).
Thg 7 09 08:10:25 <hostname-redacted> systemd[1]: sys-devices-virtual-misc-rfkill.device: Failed to enqueue SYSTEMD_WANTS job, ignoring: Transaction for systemd-rfkill.socket/start is destructive (shutdown.target has 'start' job queued, but 'stop' is included in transaction).
Thg 7 09 08:10:25 <hostname-redacted> systemd[1]: sys-devices-pci0000:00-0000:00:08.1-0000:09:00.1-sound-card0-controlC0.device: Failed to enqueue SYSTEMD_WANTS job, ignoring: Transaction for sound.target/start is destructive (shutdown.target has 'start' job queued, but 'stop' is included in transaction).
Thg 7 09 08:10:25 <hostname-redacted> org_kde_powerdevil[1570]: [  1756][841.117928] (dw_watch_display_connections) Time since last return from sleep = 842420902835 ns = 842421 ms
Thg 7 09 08:10:25 <hostname-redacted> org_kde_powerdevil[1570]: [  1756][841.125211] Open failed for /dev/i2c-2, errno=EACCES(-13): Permission denied in file i2c_bus_core.c near line 433
Thg 7 09 08:10:25 <hostname-redacted> org_kde_powerdevil[1570]: [  1756][841.125370] Traced function stack 0x7f75bc0008b0 for current thread [  1756]
Thg 7 09 08:10:25 <hostname-redacted> org_kde_powerdevil[1570]: [  1756][841.125424]    dw_watch_display_connections
Thg 7 09 08:10:25 <hostname-redacted> org_kde_powerdevil[1570]: [  1756][841.125461]    invoke_process_screen_change_event
Thg 7 09 08:10:25 <hostname-redacted> org_kde_powerdevil[1570]: [  1756][841.125503]    process_screen_change_event
Thg 7 09 08:10:25 <hostname-redacted> org_kde_powerdevil[1570]: [  1756][841.125545]    i2c_edid_exists
Thg 7 09 08:10:25 <hostname-redacted> org_kde_powerdevil[1570]: [  1756][841.125580]    i2c_open_bus
Thg 7 09 08:10:25 <hostname-redacted> org_kde_powerdevil[1570]: [  1756][841.125614]    i2c_open_bus_basic
Thg 7 09 08:10:25 <hostname-redacted> systemd-coredump[19047]: Failed to send coredump datagram: Broken pipe
Thg 7 09 08:10:25 <hostname-redacted> systemd[1234]: sys-devices-pci0000:00-0000:00:08.1-0000:09:00.3-usb3-3\x2d2-3\x2d2:1.2-sound-card2-controlC2.device: Failed to enqueue SYSTEMD_USER_WANTS job, ignoring: Transaction for sound.target/start is destructive (exit.target has 'start' job queued, but 'stop' is included in transaction).
Thg 7 09 08:10:25 <hostname-redacted> systemd[1234]: sys-devices-pci0000:00-0000:00:08.1-0000:09:00.6-sound-card1-controlC1.device: Failed to enqueue SYSTEMD_USER_WANTS job, ignoring: Transaction for sound.target/start is destructive (shutdown.target has 'start' job queued, but 'stop' is included in transaction).
Thg 7 09 08:10:25 <hostname-redacted> systemd[1234]: sys-devices-pci0000:00-0000:00:08.1-0000:09:00.1-sound-card0-controlC0.device: Failed to enqueue SYSTEMD_USER_WANTS job, ignoring: Transaction for sound.target/start is destructive (systemd-exit.service has 'start' job queued, but 'stop' is included in transaction).
Thg 7 09 08:10:25 <hostname-redacted> dbus-broker-launch[1346]: Activation request for 'org.bluez.obex' failed.
Thg 7 09 08:10:25 <hostname-redacted> kded6[1513]: PendingCall Error: "Could not activate remote peer 'org.bluez.obex': activation request failed: unit is invalid"
Thg 7 09 08:10:25 <hostname-redacted> kwin_wayland[1360]: Applying output configuration failed!
Thg 7 09 08:10:25 <hostname-redacted> kwin_wayland[1360]: Applying output configuration failed!
Thg 7 09 08:10:25 <hostname-redacted> kwin_wayland[1360]: PipeWire remote error:  connection error
Thg 7 09 08:10:25 <hostname-redacted> plasmashell[1542]: PipeWire remote error:  -32 connection error
Thg 7 09 08:10:25 <hostname-redacted> dbus-broker-launch[582]: Activation request for 'org.freedesktop.nm_dispatcher' failed.
Thg 7 09 08:10:26 <hostname-redacted> systemd[1]: Failed unmounting /var/cache.
____________________________________________

Installed packages

cachyos-v3/bash 5.3.15-2 [installed]
cachyos-v3/binutils 2.46.1+r3+g046eeeef4721-2 [installed]
cachyos-v3/clang 22.1.6-2 [installed]
cachyos-v3/gcc 16.1.1+r346+g4e03491b401d-2 [installed]
cachyos-v3/gcc-libs 16.1.1+r346+g4e03491b401d-2 [installed]
cachyos-v3/glibc 2.43+r37+gfdf10644d6ee-2 [installed]
cachyos-v3/lib32-gcc-libs 16.1.1+r346+g4e03491b401d-2 [installed]
cachyos-v3/lib32-glibc 2.43+r37+gfdf10644d6ee-2 [installed]
cachyos-v3/lib32-zlib-ng 2.3.3-2 [installed]
cachyos-v3/lib32-zlib-ng-compat 2.3.3-2 [installed]
cachyos-v3/lib32-zstd 1.5.7-2 [installed]
cachyos-v3/libasan 16.1.1+r346+g4e03491b401d-2 [installed]
cachyos-v3/libatomic 16.1.1+r346+g4e03491b401d-2 [installed]
cachyos-v3/libgcc 16.1.1+r346+g4e03491b401d-2 [installed]
cachyos-v3/libgfortran 16.1.1+r346+g4e03491b401d-2 [installed]
cachyos-v3/libgomp 16.1.1+r346+g4e03491b401d-2 [installed]
cachyos-v3/libhwasan 16.1.1+r346+g4e03491b401d-2 [installed]
cachyos-v3/liblsan 16.1.1+r346+g4e03491b401d-2 [installed]
cachyos-v3/libobjc 16.1.1+r346+g4e03491b401d-2 [installed]
cachyos-v3/libquadmath 16.1.1+r346+g4e03491b401d-2 [installed]
cachyos-v3/libstdc++ 16.1.1+r346+g4e03491b401d-2 [installed]
cachyos-v3/libtool 2.6.1-2 [installed]
cachyos-v3/libtsan 16.1.1+r346+g4e03491b401d-2 [installed]
cachyos-v3/libubsan 16.1.1+r346+g4e03491b401d-2 [installed]
cachyos-v3/linux-api-headers 1:7.1-1 [installed]
cachyos-v3/linux-cachyos 7.1.3-1 [installed]
cachyos-v3/linux-cachyos-headers 7.1.3-1 [installed]
cachyos-v3/linux-cachyos-lts 6.18.38-1 [installed]
cachyos-v3/linux-cachyos-lts-headers 6.18.38-1 [installed]
cachyos-v3/llvm 22.1.6-2 [installed]
cachyos-v3/llvm-libs 22.1.6-2 [installed]
cachyos-v3/lz4 1:1.10.0-3 [installed]
cachyos-v3/python 3.14.6-2 [installed]
cachyos-v3/ripgrep 15.1.0-2 [installed]
cachyos-v3/svt-av1 4.1.0-2 [installed]
cachyos-v3/xz 5.8.3-1 [installed]
cachyos-v3/zlib-ng 2.3.3-2 [installed]
cachyos-v3/zlib-ng-compat 2.3.3-2 [installed]
cachyos-v3/zstd 1.5.7-2 [installed]
--------------------------------------------
